fishery,area,year,species,type,inpN,sizebin1,sizebin2,sizebin3,sizebin4,sizebin5
census,1,30,Blue_whiting,0,187,NA,0.0053475935828877,0.27807486631016043,0.7005347593582888,0.016042780748663103
census,1,31,Blue_whiting,0,807,NA,0.030978934324659233,0.44981412639405205,0.5154894671623296,0.0037174721189591076
census,1,32,Blue_whiting,0,813,NA,0.03444034440344403,0.4661746617466175,0.4956949569495695,0.0036900369003690036
census,1,33,Blue_whiting,0,810,NA,0.02345679012345679,0.4728395061728395,0.5024691358024691,0.0012345679012345679
census,1,34,Blue_whiting,0,810,NA,0.03580246913580247,0.46296296296296297,0.49876543209876545,0.0024691358024691358
census,1,35,Blue_whiting,0,826,NA,0.03026634382566586,0.4661016949152542,0.5024213075060533,0.0012106537530266344
census,1,36,Blue_whiting,0,824,NA,0.03398058252427184,0.47451456310679613,0.4878640776699029,0.0036407766990291263
census,1,37,Blue_whiting,0,833,NA,0.028811524609843937,0.4345738295318127,0.531812725090036,0.004801920768307323
census,1,38,Blue_whiting,0,827,NA,0.030229746070133012,0.44014510278113667,0.5259975816203144,0.0036275695284159614
census,1,39,Blue_whiting,0,815,NA,0.029447852760736196,0.452760736196319,0.5128834355828221,0.0049079754601227
census,1,40,Blue_whiting,0,822,NA,0.029197080291970802,0.4367396593673966,0.5279805352798054,0.006082725060827251
census,1,41,Blue_whiting,0,811,NA,0.02836004932182491,0.4254007398273736,0.5413070283600493,0.004932182490752158
census,1,42,Blue_whiting,0,804,NA,0.029850746268656716,0.4291044776119403,0.5373134328358209,0.0037313432835820895
census,1,43,Blue_whiting,0,827,NA,0.02539298669891173,0.42926239419588874,0.5417170495767836,0.0036275695284159614
census,1,44,Blue_whiting,0,804,NA,0.03109452736318408,0.44527363184079605,0.5199004975124378,0.0037313432835820895
census,1,45,Blue_whiting,0,815,NA,0.029447852760736196,0.452760736196319,0.5141104294478528,0.0036809815950920245
census,1,46,Blue_whiting,0,831,NA,0.030084235860409144,0.457280385078219,0.5102286401925391,0.0024067388688327317
census,1,47,Blue_whiting,0,808,NA,0.03217821782178218,0.44801980198019803,0.5173267326732673,0.0024752475247524753
census,1,48,Blue_whiting,0,815,NA,0.026993865030674847,0.4404907975460123,0.53128834355828225,0.001226993865030675
census,1,49,Blue_whiting,0,831,NA,0.030084235860409144,0.45607701564380265,0.5114320096269555,0.0024067388688327317
census,1,50,Blue_whiting,0,824,NA,0.03155339805825243,0.4550970873786408,0.5109223300970874,0.0024271844660194173
census,1,51,Blue_whiting,0,811,NA,0.032059186189889025,0.45376078914919854,0.5104808877928483,0.0036991368680641184
census,1,52,Blue_whiting,0,827,NA,0.030229746070133012,0.4655380894800484,0.5030229746070133,0.0012091898428053204
census,1,53,Blue_whiting,0,827,NA,0.037484885126964934,0.48125755743651755,0.4800483675937122,0.0012091898428053204
census,1,54,Blue_whiting,0,826,NA,0.03631961259079903,0.4745762711864407,0.4854721549636804,0.0036319612590799033
census,1,55,Blue_whiting,0,803,NA,0.034869240348692404,0.46326276463262767,0.49937733499377335,0.0024906600249066002
census,1,56,Blue_whiting,0,838,NA,0.031026252983293555,0.45704057279236276,0.5095465393794749,0.002386634844868735
census,1,57,Blue_whiting,0,811,NA,0.027127003699136867,0.43033292231812575,0.5388409371146733,0.0036991368680641184
census,1,58,Blue_whiting,0,821,NA,0.028014616321559074,0.42021924482338613,0.5420219244823387,0.0097442143727162
census,1,59,Blue_whiting,0,813,NA,0.025830258302583026,0.43296432964329645,0.5338253382533825,0.007380073800738007
census,1,60,Blue_whiting,0,808,NA,0.027227722772277228,0.4381188118811881,0.530940594059406,0.0037128712871287127
census,1,61,Blue_whiting,0,820,NA,0.02804878048780488,0.4304878048780488,0.5353658536585366,0.006097560975609756
census,1,62,Blue_whiting,0,796,NA,0.02763819095477387,0.41708542713567837,0.5489949748743719,0.00628140703517588
census,1,63,Blue_whiting,0,835,NA,0.02874251497005988,0.429940119760479,0.5365269461077844,0.004790419161676647
census,1,64,Blue_whiting,0,819,NA,0.02564102564102564,0.4261294261294261,0.5433455433455433,0.004884004884004884
census,1,65,Blue_whiting,0,829,NA,0.031363088057901084,0.45355850422195415,0.5138721351025332,0.0012062726176115801
census,1,66,Blue_whiting,0,825,NA,0.030303030303030304,0.44242424242424244,0.5236363636363637,0.0036363636363636364
census,1,67,Blue_whiting,0,818,NA,0.02567237163814181,0.4339853300733496,0.5354523227383863,0.004889975550122249
census,1,68,Blue_whiting,0,833,NA,0.028811524609843937,0.4549819927971189,0.5150060024009604,0.0012004801920768306
census,1,69,Blue_whiting,0,829,NA,0.028950542822677925,0.436670687575392,0.5295536791314838,0.0048250904704463205
census,1,70,Blue_whiting,0,824,NA,0.02912621359223301,0.46237864077669905,0.5060679611650486,0.0024271844660194173
census,1,71,Blue_whiting,0,811,NA,0.029593094944512947,0.45129469790382243,0.5166461159062885,0.002466091245376079
census,1,72,Blue_whiting,0,821,NA,0.02679658952496955,0.43239951278928135,0.535931790499391,0.0048721071863581
census,1,73,Blue_whiting,0,823,NA,0.030376670716889428,0.4349939246658566,0.5321992709599028,0.002430133657351154
census,1,74,Blue_whiting,0,816,NA,0.02696078431372549,0.4375,0.5318627450980392,0.003676470588235294
census,1,75,Blue_whiting,0,803,NA,0.031133250311332503,0.4383561643835616,0.526774595267746,0.0037359900373599006
census,1,76,Blue_whiting,0,823,NA,0.027946537059538274,0.43256379100850545,0.5358444714459295,0.0036452004860267314
census,1,77,Blue_whiting,0,829,NA,0.027744270205066344,0.4451145958986731,0.5235223160434258,0.0036188178528347406
census,1,78,Blue_whiting,0,821,NA,0.029232643118148598,0.4397076735688185,0.5261875761266748,0.0048721071863581
census,1,79,Blue_whiting,0,817,NA,0.028151774785801713,0.41615667074663404,0.5520195838433293,0.0036719706242350062
census,1,80,Blue_whiting,0,608,NA,0.03618421052631579,0.49506578947368424,0.46875,NA
census,1,30,Capelin,0,201,NA,NA,0.746268656716418,0.2537313432835821,NA
census,1,31,Capelin,0,199,0.020100502512562814,0.7989949748743719,0.12562814070351758,0.05527638190954774,NA
census,1,35,Capelin,0,994,0.004024144869215292,0.26458752515090544,0.613682092555332,0.11770623742454728,NA
census,1,36,Capelin,0,992,0.0030241935483870967,0.22983870967741934,0.6340725806451613,0.13306451612903225,NA
census,1,37,Capelin,0,994,0.0030181086519114686,0.22937625754527163,0.6086519114688129,0.158953722334004,NA
census,1,38,Capelin,0,199,0.01507537688442211,0.7185929648241206,0.18090452261306533,0.08542713567839195,NA
census,1,41,Capelin,0,989,0.0020222446916076846,0.24064711830131447,0.596562184024267,0.16076845298281092,NA
census,1,42,Capelin,0,990,0.00202020202020202,0.2292929292929293,0.5888888888888889,0.1797979797979798,NA
census,1,43,Capelin,0,994,0.0030181086519114686,0.23742454728370221,0.6207243460764588,0.13883299798792756,NA
census,1,44,Capelin,0,989,0.003033367037411527,0.2487360970677452,0.60262891809909,0.14560161779575329,NA
census,1,45,Capelin,0,992,0.0030241935483870967,0.2247983870967742,0.594758064516129,0.1774193548387097,NA
census,1,46,Capelin,0,992,0.0030241935483870967,0.2620967741935484,0.6350806451612904,0.09979838709677419,NA
census,1,47,Capelin,0,999,0.004004004004004004,0.2602602602602603,0.6236236236236237,0.11211211211211211,NA
census,1,48,Capelin,0,198,0.020202020202020204,0.8737373737373737,0.08585858585858586,0.020202020202020204,NA
census,1,49,Capelin,0,996,0.0030120481927710845,0.23493975903614459,0.6345381526104418,0.12751004016064257,NA
census,1,50,Capelin,0,199,0.020100502512562814,0.8391959798994975,0.09547738693467336,0.04522613065326633,NA
census,1,51,Capelin,0,996,0.0030120481927710845,0.2429718875502008,0.6154618473895582,0.13855421686746988,NA
census,1,52,Capelin,0,992,0.0030241935483870967,0.23387096774193547,0.6108870967741935,0.15221774193548387,NA
census,1,53,Capelin,0,991,0.0030272452068617556,0.21594349142280525,0.5933400605449042,0.18768920282542886,NA
census,1,54,Capelin,0,998,0.003006012024048096,0.23947895791583165,0.6372745490981964,0.12024048096192384,NA
census,1,55,Capelin,0,993,0.0030211480362537764,0.2366565961732125,0.6334340382678751,0.1268882175226586,NA
census,1,56,Capelin,0,993,0.0030211480362537764,0.21953675730110775,0.5830815709969789,0.19436052366565962,NA
census,1,57,Capelin,0,990,0.0030303030303030303,0.24545454545454545,0.6181818181818182,0.13333333333333333,NA
census,1,58,Capelin,0,984,0.0020325203252032522,0.25,0.6310975609756098,0.11686991869918699,NA
census,1,59,Capelin,0,994,0.002012072434607646,0.23340040241448692,0.607645875251509,0.15694164989939638,NA
census,1,60,Capelin,0,994,0.002012072434607646,0.23340040241448692,0.6156941649899397,0.1488933601609658,NA
census,1,61,Capelin,0,990,0.00202020202020202,0.23232323232323232,0.6262626262626263,0.1393939393939394,NA
census,1,62,Capelin,0,998,0.003006012024048096,0.24448897795591182,0.6142284569138277,0.13827655310621242,NA
census,1,63,Capelin,0,991,0.0030272452068617556,0.2462159434914228,0.6074672048435923,0.1432896064581231,NA
census,1,64,Capelin,0,988,0.003036437246963563,0.22773279352226722,0.6123481781376519,0.15688259109311742,NA
census,1,65,Capelin,0,993,0.0030211480362537764,0.2215508559919436,0.5991943605236657,0.17623363544813697,NA
census,1,66,Capelin,0,992,0.0030241935483870967,0.23588709677419356,0.6189516129032258,0.14213709677419356,NA
census,1,67,Capelin,0,996,0.0030120481927710845,0.2570281124497992,0.6355421686746988,0.10441767068273092,NA
census,1,68,Capelin,0,996,0.0030120481927710845,0.2520080321285141,0.6024096385542169,0.142570281124498,NA
census,1,69,Capelin,0,991,0.0030272452068617556,0.24520686175580222,0.6165489404641776,0.13521695257315844,NA
census,1,70,Capelin,0,997,0.003009027081243731,0.2587763289869609,0.6308926780341023,0.10732196589769308,NA
census,1,71,Capelin,0,992,0.0030241935483870967,0.22983870967741934,0.6008064516129032,0.1663306451612903,NA
census,1,72,Capelin,0,988,0.003036437246963563,0.21862348178137653,0.6163967611336032,0.16194331983805668,NA
census,1,73,Capelin,0,996,0.0030120481927710845,0.25301204819277107,0.6174698795180723,0.12650602409638553,NA
census,1,74,Capelin,0,992,0.0020161290322580645,0.2530241935483871,0.6199596774193549,0.125,NA
census,1,75,Capelin,0,997,0.0020060180541624875,0.20962888665997995,0.5937813440320963,0.1945837512537613,NA
census,1,76,Capelin,0,995,0.0020100502512562816,0.20904522613065327,0.6331658291457286,0.15577889447236182,NA
census,1,77,Capelin,0,985,0.003045685279187817,0.2609137055837564,0.6355329949238578,0.10050761421319797,NA
census,1,78,Capelin,0,987,0.00303951367781155,0.24316109422492402,0.5876393110435664,0.1651469098277609,0.0010131712259371835
census,1,79,Capelin,0,992,0.0030241935483870967,0.24798387096774194,0.6189516129032258,0.13004032258064516,NA
census,1,80,Capelin,0,789,0.0038022813688212928,0.311787072243346,0.6083650190114068,0.07604562737642585,NA
census,1,30,Green_halibut,0,154,NA,0.43506493506493504,0.4155844155844156,0.14935064935064934,NA
census,1,31,Green_halibut,0,796,NA,0.39949748743718594,0.4334170854271357,0.1670854271356784,NA
census,1,32,Green_halibut,0,797,NA,0.42534504391468003,0.39272271016311167,0.18193224592220827,NA
census,1,33,Green_halibut,0,804,NA,0.4166666666666667,0.4054726368159204,0.17786069651741293,NA
census,1,34,Green_halibut,0,834,NA,0.42326139088729015,0.3932853717026379,0.18345323741007194,NA
census,1,35,Green_halibut,0,812,NA,0.3916256157635468,0.41625615763546797,0.1921182266009852,NA
census,1,36,Green_halibut,0,801,NA,0.40574282147315854,0.41947565543071164,0.17478152309612985,NA
census,1,37,Green_halibut,0,811,NA,0.42909987669543775,0.4081381011097411,0.16276202219482122,NA
census,1,38,Green_halibut,0,822,NA,0.39416058394160586,0.42092457420924573,0.18491484184914841,NA
census,1,39,Green_halibut,0,828,NA,0.4227053140096618,0.3804347826086957,0.19685990338164253,NA
census,1,40,Green_halibut,0,778,NA,0.390745501285347,0.4241645244215938,0.18508997429305912,NA
census,1,41,Green_halibut,0,806,NA,0.36476426799007444,0.4305210918114144,0.20471464019851116,NA
census,1,42,Green_halibut,0,804,NA,0.4253731343283582,0.4017412935323383,0.17288557213930347,NA
census,1,43,Green_halibut,0,810,NA,0.39012345679012345,0.4012345679012346,0.20864197530864198,NA
census,1,44,Green_halibut,0,831,NA,0.3766546329723225,0.40794223826714804,0.21540312876052947,NA
census,1,45,Green_halibut,0,802,NA,0.38902743142144636,0.4002493765586035,0.21072319201995013,NA
census,1,46,Green_halibut,0,790,NA,0.4088607594936709,0.4240506329113924,0.1670886075949367,NA
census,1,47,Green_halibut,0,799,NA,0.39424280350438046,0.43929912390488113,0.16645807259073842,NA
census,1,48,Green_halibut,0,806,NA,0.38957816377171217,0.4106699751861042,0.19975186104218362,NA
census,1,49,Green_halibut,0,823,NA,0.39003645200486026,0.3863912515188335,0.2235722964763062,NA
census,1,50,Green_halibut,0,829,NA,0.38118214716525933,0.40048250904704463,0.218335343787696,NA
census,1,51,Green_halibut,0,806,NA,0.4106699751861042,0.3883374689826303,0.20099255583126552,NA
census,1,52,Green_halibut,0,806,NA,0.3945409429280397,0.413151364764268,0.19230769230769232,NA
census,1,53,Green_halibut,0,799,NA,0.41551939924906134,0.3967459324155194,0.18773466833541927,NA
census,1,54,Green_halibut,0,809,NA,0.39184177997527814,0.415327564894932,0.19283065512978986,NA
census,1,55,Green_halibut,0,811,NA,0.41430332922318125,0.42663378545006164,0.15906288532675708,NA
census,1,56,Green_halibut,0,815,NA,0.4171779141104294,0.4085889570552147,0.17423312883435582,NA
census,1,57,Green_halibut,0,821,NA,0.3861144945188794,0.4397076735688185,0.17417783191230207,NA
census,1,58,Green_halibut,0,826,NA,0.3898305084745763,0.400726392251816,0.20944309927360774,NA
census,1,59,Green_halibut,0,789,NA,0.40811153358681873,0.4144486692015209,0.17743979721166034,NA
census,1,60,Green_halibut,0,816,NA,0.4178921568627451,0.38235294117647056,0.19975490196078433,NA
census,1,61,Green_halibut,0,802,NA,0.4014962593516209,0.3915211970074813,0.20698254364089774,NA
census,1,62,Green_halibut,0,802,NA,0.43516209476309226,0.40399002493765584,0.16084788029925187,NA
census,1,63,Green_halibut,0,836,NA,0.42822966507177035,0.36483253588516745,0.2069377990430622,NA
census,1,64,Green_halibut,0,811,NA,0.45869297163995065,0.3921085080147966,0.14919852034525277,NA
census,1,65,Green_halibut,0,845,NA,0.4544378698224852,0.3680473372781065,0.17751479289940827,NA
census,1,66,Green_halibut,0,832,NA,0.40625,0.39783653846153844,0.19591346153846154,NA
census,1,67,Green_halibut,0,804,NA,0.43781094527363185,0.3843283582089552,0.17786069651741293,NA
census,1,68,Green_halibut,0,801,NA,0.41198501872659177,0.41198501872659177,0.1760299625468165,NA
census,1,69,Green_halibut,0,828,NA,0.40942028985507245,0.40217391304347827,0.18840579710144928,NA
census,1,70,Green_halibut,0,789,NA,0.43346007604562736,0.42839036755386567,0.13814955640050697,NA
census,1,71,Green_halibut,0,821,NA,0.4104750304506699,0.42509135200974424,0.16443361753958588,NA
census,1,72,Green_halibut,0,830,NA,0.44819277108433736,0.39759036144578314,0.15421686746987953,NA
census,1,73,Green_halibut,0,822,NA,0.45498783454987834,0.37834549878345497,0.16666666666666666,NA
census,1,74,Green_halibut,0,803,NA,0.44831880448318806,0.39352428393524286,0.1581569115815691,NA
census,1,75,Green_halibut,0,819,NA,0.4126984126984127,0.40415140415140416,0.18315018315018314,NA
census,1,76,Green_halibut,0,787,NA,0.4383735705209657,0.397712833545108,0.1639135959339263,NA
census,1,77,Green_halibut,0,801,NA,0.4332084893882647,0.41448189762796506,0.1523096129837703,NA
census,1,78,Green_halibut,0,822,NA,0.41362530413625304,0.40389294403892945,0.18248175182481752,NA
census,1,79,Green_halibut,0,832,NA,0.43028846153846156,0.4110576923076923,0.15865384615384615,NA
census,1,80,Green_halibut,0,632,NA,0.4541139240506329,0.3876582278481013,0.15822784810126583,NA
census,1,30,Haddock,0,181,NA,0.06629834254143646,0.9060773480662984,0.027624309392265192,NA
census,1,31,Haddock,0,905,NA,0.17016574585635358,0.7558011049723757,0.07403314917127071,NA
census,1,32,Haddock,0,906,NA,0.2726269315673289,0.5916114790286976,0.1357615894039735,NA
census,1,33,Haddock,0,942,NA,0.4883227176220807,0.3885350318471338,0.12314225053078556,NA
census,1,34,Haddock,0,933,0.25187566988210075,0.5412647374062165,0.15755627009646303,0.04930332261521972,NA
census,1,35,Haddock,0,972,NA,0.9423868312757202,0.05761316872427984,NA,NA
census,1,36,Haddock,0,955,NA,0.4,0.6,NA,NA
census,1,37,Haddock,0,942,NA,0.03927813163481953,0.9501061571125266,0.010615711252653927,NA
census,1,38,Haddock,0,940,NA,0.02446808510638298,0.8702127659574468,0.10531914893617021,NA
census,1,39,Haddock,0,937,NA,0.03948772678762007,0.7491995731056563,0.2113127001067236,NA
census,1,40,Haddock,0,925,NA,0.11675675675675676,0.6086486486486486,0.2745945945945946,NA
census,1,41,Haddock,0,907,NA,0.2227122381477398,0.49834619625137816,0.278941565600882,NA
census,1,42,Haddock,0,907,NA,0.34950385887541346,0.4013230429988975,0.24917309812568908,NA
census,1,43,Haddock,0,915,0.1377049180327869,0.4896174863387978,0.2371584699453552,0.1355191256830601,NA
census,1,44,Haddock,0,923,NA,0.7930660888407367,0.1570964247020585,0.04983748645720477,NA
census,1,45,Haddock,0,922,NA,0.4197396963123644,0.5325379609544468,0.04772234273318872,NA
census,1,46,Haddock,0,930,NA,0.12258064516129032,0.8010752688172043,0.07634408602150537,NA
census,1,47,Haddock,0,916,0.16266375545851527,0.32860262008733626,0.4574235807860262,0.05131004366812227,NA
census,1,48,Haddock,0,936,NA,0.8376068376068376,0.13995726495726496,0.022435897435897436,NA
census,1,49,Haddock,0,923,0.0010834236186348862,0.7995666305525461,0.18959913326110509,0.009750812567713976,NA
census,1,50,Haddock,0,935,0.0032085561497326204,0.8032085561497326,0.18823529411764706,0.0053475935828877,NA
census,1,51,Haddock,0,932,NA,0.674892703862661,0.3251072961373391,NA,NA
census,1,52,Haddock,0,931,NA,0.18152524167561762,0.8098818474758325,0.008592910848549946,NA
census,1,53,Haddock,0,929,NA,0.01829924650161464,0.9407965554359526,0.04090419806243272,NA
census,1,54,Haddock,0,920,NA,0.02717391304347826,0.8097826086956522,0.16304347826086957,NA
census,1,55,Haddock,0,910,NA,0.07362637362637363,0.6780219780219781,0.24835164835164836,NA
census,1,56,Haddock,0,914,NA,0.10065645514223195,0.5776805251641138,0.32166301969365424,NA
census,1,57,Haddock,0,906,0.0033112582781456954,0.18322295805739514,0.4977924944812362,0.31567328918322296,NA
census,1,58,Haddock,0,890,NA,0.3202247191011236,0.4,0.2797752808988764,NA
census,1,59,Haddock,0,901,0.05993340732519423,0.5316315205327414,0.24084350721420644,0.16759156492785793,NA
census,1,60,Haddock,0,906,NA,0.7450331125827815,0.18322295805739514,0.0717439293598234,NA
census,1,61,Haddock,0,895,NA,0.37318435754189944,0.553072625698324,0.07374301675977654,NA
census,1,62,Haddock,0,889,NA,0.11361079865016872,0.8020247469066367,0.0843644544431946,NA
census,1,63,Haddock,0,868,NA,0.05069124423963134,0.7960829493087558,0.1532258064516129,NA
census,1,64,Haddock,0,885,0.2192090395480226,0.33559322033898303,0.35141242937853107,0.09378531073446328,NA
census,1,65,Haddock,0,909,NA,0.858085808580858,0.12101210121012101,0.020902090209020903,NA
census,1,66,Haddock,0,890,NA,0.4044943820224719,0.5685393258426966,0.02696629213483146,NA
census,1,67,Haddock,0,914,NA,0.06564551422319474,0.8960612691466083,0.038293216630196934,NA
census,1,68,Haddock,0,899,NA,0.03337041156840934,0.8487208008898777,0.11790878754171301,NA
census,1,69,Haddock,0,881,NA,0.07150964812712826,0.720771850170261,0.20771850170261066,NA
census,1,70,Haddock,0,874,NA,0.08924485125858124,0.6292906178489702,0.2814645308924485,NA
census,1,71,Haddock,0,874,NA,0.06636155606407322,0.6235697940503433,0.3100686498855835,NA
census,1,72,Haddock,0,876,NA,0.09474885844748858,0.5468036529680366,0.3584474885844749,NA
census,1,73,Haddock,0,888,NA,0.12950450450450451,0.48423423423423423,0.38626126126126126,NA
census,1,74,Haddock,0,837,NA,0.2054958183990442,0.4145758661887694,0.37992831541218636,NA
census,1,75,Haddock,0,883,0.23669309173272934,0.4190260475651189,0.1710079275198188,0.17327293318233294,NA
census,1,76,Haddock,0,918,NA,0.9074074074074074,0.06535947712418301,0.027233115468409588,NA
census,1,77,Haddock,0,920,NA,0.37717391304347825,0.5978260869565217,0.025,NA
census,1,78,Haddock,0,907,NA,0.04630650496141125,0.9228224917309813,0.030871003307607496,NA
census,1,79,Haddock,0,885,NA,0.006779661016949152,0.8700564971751412,0.12316384180790961,NA
census,1,80,Haddock,0,714,NA,0.0350140056022409,0.7605042016806722,0.20448179271708683,NA
census,1,31,Mackerel,0,363,NA,0.14325068870523416,0.5234159779614325,0.325068870523416,0.008264462809917356
census,1,32,Mackerel,0,382,NA,0.1387434554973822,0.4895287958115183,0.3717277486910995,NA
census,1,33,Mackerel,0,364,NA,0.12637362637362637,0.5054945054945055,0.36538461538461536,0.0027472527472527475
census,1,34,Mackerel,0,359,NA,0.15041782729805014,0.49025069637883006,0.3565459610027855,0.002785515320334262
census,1,35,Mackerel,0,386,NA,0.08549222797927461,0.5414507772020726,0.36528497409326427,0.007772020725388601
census,1,36,Mackerel,0,364,NA,0.13186813186813187,0.5467032967032966,0.32142857142857145,NA
census,1,37,Mackerel,0,361,NA,0.1440443213296399,0.4903047091412742,0.3628808864265928,0.002770083102493075
census,1,38,Mackerel,0,363,NA,0.14049586776859505,0.5179063360881543,0.33608815426997246,0.005509641873278237
census,1,39,Mackerel,0,363,NA,0.1322314049586777,0.48760330578512395,0.3774104683195592,0.0027548209366391185
census,1,40,Mackerel,0,373,NA,0.12064343163538874,0.46380697050938335,0.4075067024128686,0.00804289544235925
census,1,41,Mackerel,0,364,NA,0.15384615384615385,0.49725274725274726,0.34615384615384615,0.0027472527472527475
census,1,42,Mackerel,0,359,NA,0.16991643454038996,0.48467966573816157,0.3426183844011142,0.002785515320334262
census,1,43,Mackerel,0,373,NA,0.1554959785522788,0.4718498659517426,0.3672922252010724,0.005361930294906166
census,1,44,Mackerel,0,363,NA,0.14600550964187328,0.5564738292011019,0.29476584022038566,0.0027548209366391185
census,1,45,Mackerel,0,357,NA,0.1400560224089636,0.5742296918767507,0.28291316526610644,0.0028011204481792717
census,1,46,Mackerel,0,370,NA,0.14324324324324325,0.5216216216216216,0.3324324324324324,0.002702702702702703
census,1,47,Mackerel,0,368,NA,0.16032608695652173,0.48097826086956524,0.358695652173913,NA
census,1,48,Mackerel,0,368,NA,0.16304347826086957,0.5353260869565217,0.29891304347826086,0.002717391304347826
census,1,49,Mackerel,0,369,NA,0.17615176151761516,0.5040650406504065,0.3170731707317073,0.0027100271002710027
census,1,50,Mackerel,0,360,NA,0.15,0.5194444444444445,0.325,0.005555555555555556
census,1,51,Mackerel,0,358,NA,0.15363128491620112,0.5391061452513967,0.3016759776536313,0.00558659217877095
census,1,52,Mackerel,0,359,NA,0.1309192200557103,0.5626740947075209,0.30362116991643456,0.002785515320334262
census,1,53,Mackerel,0,366,NA,0.1557377049180328,0.5327868852459017,0.3114754098360656,NA
census,1,54,Mackerel,0,357,NA,0.1400560224089636,0.5210084033613446,0.33053221288515405,0.008403361344537815
census,1,55,Mackerel,0,367,NA,0.14713896457765668,0.5068119891008175,0.33787465940054495,0.008174386920980926
census,1,56,Mackerel,0,371,NA,0.1725067385444744,0.49056603773584906,0.33692722371967654,NA
census,1,57,Mackerel,0,362,NA,0.1464088397790055,0.5303867403314917,0.32044198895027626,0.0027624309392265192
census,1,58,Mackerel,0,377,NA,0.1220159151193634,0.5013262599469496,0.3660477453580902,0.010610079575596816
census,1,59,Mackerel,0,359,NA,0.12813370473537605,0.5292479108635098,0.3342618384401114,0.008356545961002786
census,1,60,Mackerel,0,361,NA,0.11634349030470914,0.5373961218836565,0.3407202216066482,0.00554016620498615
census,1,61,Mackerel,0,370,NA,0.14324324324324325,0.5297297297297298,0.32432432432432434,0.002702702702702703
census,1,62,Mackerel,0,364,NA,0.14560439560439561,0.4807692307692308,0.3708791208791209,0.0027472527472527475
census,1,63,Mackerel,0,360,NA,0.16666666666666666,0.4666666666666667,0.3611111111111111,0.005555555555555556
census,1,64,Mackerel,0,364,NA,0.1510989010989011,0.521978021978022,0.3241758241758242,0.0027472527472527475
census,1,65,Mackerel,0,363,NA,0.12947658402203857,0.4820936639118457,0.3856749311294766,0.0027548209366391185
census,1,66,Mackerel,0,361,NA,0.13573407202216067,0.518005540166205,0.34349030470914127,0.002770083102493075
census,1,67,Mackerel,0,377,NA,0.1856763925729443,0.47745358090185674,0.33421750663129973,0.002652519893899204
census,1,68,Mackerel,0,367,NA,0.11171662125340599,0.5258855585831063,0.35967302452316074,0.0027247956403269754
census,1,69,Mackerel,0,367,NA,0.15258855585831063,0.49591280653950953,0.3460490463215259,0.005449591280653951
census,1,70,Mackerel,0,376,NA,0.1622340425531915,0.4654255319148936,0.3670212765957447,0.005319148936170213
census,1,71,Mackerel,0,361,NA,0.1440443213296399,0.4930747922437673,0.3628808864265928,NA
census,1,72,Mackerel,0,363,NA,0.13774104683195593,0.5426997245179064,0.3140495867768595,0.005509641873278237
census,1,73,Mackerel,0,374,NA,0.13903743315508021,0.48128342245989303,0.3716577540106952,0.008021390374331552
census,1,74,Mackerel,0,373,NA,0.16890080428954424,0.4718498659517426,0.353887399463807,0.005361930294906166
census,1,75,Mackerel,0,353,NA,0.14730878186968838,0.4985835694050991,0.34844192634560905,0.0056657223796034
census,1,76,Mackerel,0,365,NA,0.14794520547945206,0.4876712328767123,0.3643835616438356,NA
census,1,77,Mackerel,0,376,NA,0.1356382978723404,0.4973404255319149,0.35904255319148937,0.007978723404255319
census,1,78,Mackerel,0,358,NA,0.1340782122905028,0.5251396648044693,0.33798882681564246,0.002793296089385475
census,1,79,Mackerel,0,366,NA,0.16120218579234974,0.505464480874317,0.32786885245901637,0.00546448087431694
census,1,80,Mackerel,0,368,NA,0.12771739130434784,0.4945652173913043,0.37228260869565216,0.005434782608695652
census,1,30,North_atl_cod,0,188,NA,0.7393617021276596,0.26063829787234044,NA,NA
census,1,31,North_atl_cod,0,939,0.010649627263045794,0.6187433439829606,0.3652822151224707,0.005324813631522897,NA
census,1,32,North_atl_cod,0,933,0.007502679528403001,0.62486602357985,0.3654876741693462,0.0021436227224008574,NA
census,1,33,North_atl_cod,0,946,0.007399577167019027,0.6141649048625792,0.3752642706131078,0.003171247357293869,NA
census,1,34,North_atl_cod,0,945,0.005291005291005291,0.5904761904761905,0.4031746031746032,0.0010582010582010583,NA
census,1,35,North_atl_cod,0,929,0.004305705059203444,0.581270182992465,0.41227125941872983,0.002152852529601722,NA
census,1,36,North_atl_cod,0,925,0.0075675675675675675,0.585945945945946,0.3978378378378378,0.008648648648648649,NA
census,1,37,North_atl_cod,0,921,0.01520086862106406,0.6047774158523345,0.3767643865363735,0.003257328990228013,NA
census,1,38,North_atl_cod,0,924,0.015151515151515152,0.6136363636363636,0.36688311688311687,0.004329004329004329,NA
census,1,39,North_atl_cod,0,951,0.01892744479495268,0.5972660357518401,0.3659305993690852,0.017875920084121977,NA
census,1,40,North_atl_cod,0,933,0.01822079314040729,0.6184351554126474,0.3590568060021436,0.004287245444801715,NA
census,1,41,North_atl_cod,0,934,0.017130620985010708,0.6113490364025695,0.3715203426124197,NA,NA
census,1,42,North_atl_cod,0,913,0.013143483023001095,0.6352683461117196,0.348302300109529,0.0032858707557502738,NA
census,1,43,North_atl_cod,0,948,0.007383966244725738,0.5959915611814346,0.39345991561181437,0.0031645569620253164,NA
census,1,44,North_atl_cod,0,937,0.004268943436499467,0.5976520811099253,0.39701173959445035,0.0010672358591248667,NA
census,1,45,North_atl_cod,0,942,0.005307855626326964,0.6040339702760085,0.3874734607218684,0.0031847133757961785,NA
census,1,46,North_atl_cod,0,933,0.006430868167202572,0.587352625937835,0.4008574490889603,0.0053590568060021436,NA
census,1,47,North_atl_cod,0,943,0.007423117709437964,0.5885471898197243,0.38918345705196183,0.014846235418875928,NA
census,1,48,North_atl_cod,0,916,0.013100436681222707,0.6037117903930131,0.38318777292576417,NA,NA
census,1,49,North_atl_cod,0,927,0.012944983818770227,0.5900755124056095,0.3818770226537217,0.015102481121898598,NA
census,1,50,North_atl_cod,0,924,0.010822510822510822,0.6038961038961039,0.3852813852813853,NA,NA
census,1,51,North_atl_cod,0,920,0.007608695652173913,0.6184782608695653,0.3739130434782609,NA,NA
census,1,52,North_atl_cod,0,928,0.007543103448275862,0.5862068965517241,0.40301724137931033,0.003232758620689655,NA
census,1,53,North_atl_cod,0,930,0.015053763440860216,0.5946236559139785,0.36989247311827955,0.02043010752688172,NA
census,1,54,North_atl_cod,0,909,0.026402640264026403,0.5918591859185919,0.37513751375137516,0.006600660066006601,NA
census,1,55,North_atl_cod,0,929,0.03444564047362755,0.5995694294940797,0.34983853606027987,0.016146393972012917,NA
census,1,56,North_atl_cod,0,920,0.043478260869565216,0.6021739130434782,0.3521739130434783,0.002173913043478261,NA
census,1,57,North_atl_cod,0,881,0.049943246311010214,0.6072644721906924,0.337116912599319,0.0056753688989784334,NA
census,1,58,North_atl_cod,0,912,0.04057017543859649,0.5932017543859649,0.3618421052631579,0.0043859649122807015,NA
census,1,59,North_atl_cod,0,933,0.04287245444801715,0.5819935691318328,0.36012861736334406,0.015005359056806002,NA
census,1,60,North_atl_cod,0,916,0.039301310043668124,0.6004366812227074,0.35917030567685587,0.001091703056768559,NA
census,1,61,North_atl_cod,0,927,0.043149946062567425,0.5911542610571737,0.3484358144552319,0.017259978425026967,NA
census,1,62,North_atl_cod,0,920,0.04021739130434782,0.592391304347826,0.3630434782608696,0.004347826086956522,NA
census,1,63,North_atl_cod,0,911,0.042810098792535674,0.6026344676180022,0.35016465422612514,0.0043907793633369925,NA
census,1,64,North_atl_cod,0,916,0.043668122270742356,0.611353711790393,0.34279475982532753,0.002183406113537118,NA
census,1,65,North_atl_cod,0,904,0.03650442477876106,0.6172566371681416,0.336283185840708,0.00995575221238938,NA
census,1,66,North_atl_cod,0,920,0.03152173913043478,0.6260869565217392,0.3423913043478261,NA,NA
census,1,67,North_atl_cod,0,922,0.03036876355748373,0.6062906724511931,0.3600867678958785,0.0032537960954446853,NA
census,1,68,North_atl_cod,0,929,0.038751345532831,0.5834230355220668,0.3627556512378902,0.015069967707212056,NA
census,1,69,North_atl_cod,0,909,0.030803080308030802,0.5951595159515951,0.36303630363036304,0.011001100110011002,NA
census,1,70,North_atl_cod,0,904,0.02654867256637168,0.6017699115044248,0.37168141592920356,NA,NA
census,1,71,North_atl_cod,0,927,0.03559870550161812,0.5954692556634305,0.3516720604099245,0.017259978425026967,NA
census,1,72,North_atl_cod,0,921,0.03474484256243214,0.5960912052117264,0.36590662323561346,0.003257328990228013,NA
census,1,73,North_atl_cod,0,937,0.030949839914621132,0.5827107790821772,0.3639274279615795,0.022411953041622197,NA
census,1,74,North_atl_cod,0,914,0.03282275711159737,0.6050328227571116,0.35667396061269147,0.005470459518599562,NA
census,1,75,North_atl_cod,0,917,0.03925845147219193,0.5910577971646674,0.3653217011995638,0.004362050163576881,NA
census,1,76,North_atl_cod,0,927,0.036677454153182305,0.6030204962243797,0.35490830636461707,0.005393743257820928,NA
census,1,77,North_atl_cod,0,926,0.038876889848812095,0.5971922246220303,0.35853131749460043,0.005399568034557235,NA
census,1,78,North_atl_cod,0,921,0.03257328990228013,0.6004343105320304,0.36482084690553745,0.0021715526601520088,NA
census,1,79,North_atl_cod,0,904,0.03982300884955752,0.6128318584070797,0.3473451327433628,NA,NA
census,1,80,North_atl_cod,0,719,0.05146036161335188,0.5869262865090403,0.3574408901251738,0.004172461752433936,NA
census,1,30,Norwegian_ssh,0,193,NA,0.21761658031088082,0.35751295336787564,0.42487046632124353,NA
census,1,31,Norwegian_ssh,0,962,NA,0.2203742203742204,0.44386694386694386,0.33575883575883575,NA
census,1,32,Norwegian_ssh,0,959,NA,0.25651720542231493,0.4316996871741397,0.31178310740354537,NA
census,1,33,Norwegian_ssh,0,953,NA,0.2644281217208814,0.46589716684155297,0.2696747114375656,NA
census,1,34,Norwegian_ssh,0,967,NA,0.18510858324715615,0.5501551189245087,0.2647362978283351,NA
census,1,35,Norwegian_ssh,0,957,NA,0.15151515151515152,0.5820271682340648,0.2664576802507837,NA
census,1,36,Norwegian_ssh,0,970,NA,0.15360824742268042,0.5814432989690722,0.2649484536082474,NA
census,1,37,Norwegian_ssh,0,955,NA,0.15287958115183245,0.5759162303664922,0.2712041884816754,NA
census,1,38,Norwegian_ssh,0,958,NA,0.1837160751565762,0.5605427974947808,0.255741127348643,NA
census,1,39,Norwegian_ssh,0,960,NA,0.215625,0.5541666666666667,0.23020833333333332,NA
census,1,40,Norwegian_ssh,0,957,NA,0.19435736677115986,0.5276907001044933,0.2779519331243469,NA
census,1,41,Norwegian_ssh,0,963,NA,0.20768431983385255,0.48909657320872274,0.3032191069574247,NA
census,1,42,Norwegian_ssh,0,969,NA,0.29927760577915374,0.4458204334365325,0.2549019607843137,NA
census,1,43,Norwegian_ssh,0,965,NA,0.31813471502590673,0.4310880829015544,0.25077720207253884,NA
census,1,44,Norwegian_ssh,0,956,NA,0.35355648535564854,0.41631799163179917,0.2301255230125523,NA
census,1,45,Norwegian_ssh,0,952,NA,0.35609243697478993,0.4411764705882353,0.2027310924369748,NA
census,1,46,Norwegian_ssh,0,961,NA,0.3028095733610822,0.5161290322580645,0.18106139438085328,NA
census,1,47,Norwegian_ssh,0,952,NA,0.24894957983193278,0.5766806722689075,0.17436974789915966,NA
census,1,48,Norwegian_ssh,0,955,NA,0.22827225130890053,0.5947643979057592,0.1769633507853403,NA
census,1,49,Norwegian_ssh,0,961,NA,0.2393340270551509,0.5889698231009365,0.1716961498439126,NA
census,1,50,Norwegian_ssh,0,955,NA,0.23979057591623038,0.5979057591623037,0.16230366492146597,NA
census,1,51,Norwegian_ssh,0,949,0.001053740779768177,0.3150684931506849,0.5353003161222339,0.14857744994731295,NA
census,1,52,Norwegian_ssh,0,958,NA,0.3653444676409186,0.4906054279749478,0.1440501043841336,NA
census,1,53,Norwegian_ssh,0,940,NA,0.3638297872340426,0.5085106382978724,0.1276595744680851,NA
census,1,54,Norwegian_ssh,0,959,NA,0.3159541188738269,0.5484880083420229,0.13555787278415016,NA
census,1,55,Norwegian_ssh,0,961,NA,0.3028095733610822,0.5400624349635796,0.1571279916753382,NA
census,1,56,Norwegian_ssh,0,956,NA,0.24790794979079497,0.5721757322175732,0.1799163179916318,NA
census,1,57,Norwegian_ssh,0,949,NA,0.2929399367755532,0.5036880927291886,0.20337197049525815,NA
census,1,58,Norwegian_ssh,0,951,NA,0.3890641430073607,0.4206098843322818,0.19032597266035753,NA
census,1,59,Norwegian_ssh,0,960,NA,0.3927083333333333,0.39479166666666665,0.2125,NA
census,1,60,Norwegian_ssh,0,957,NA,0.37513061650992685,0.4440961337513062,0.180773249738767,NA
census,1,61,Norwegian_ssh,0,950,NA,0.33263157894736844,0.49157894736842106,0.17578947368421052,NA
census,1,62,Norwegian_ssh,0,933,NA,0.3461950696677385,0.5048231511254019,0.1489817792068596,NA
census,1,63,Norwegian_ssh,0,947,NA,0.3115100316789863,0.5237592397043295,0.16473072861668428,NA
census,1,64,Norwegian_ssh,0,952,NA,0.2762605042016807,0.5525210084033614,0.17121848739495799,NA
census,1,65,Norwegian_ssh,0,947,NA,0.23864836325237593,0.5923970432946146,0.1689545934530095,NA
census,1,66,Norwegian_ssh,0,956,NA,0.22280334728033474,0.5951882845188284,0.18200836820083682,NA
census,1,67,Norwegian_ssh,0,959,0.0010427528675703858,0.28988529718456724,0.5443169968717414,0.16475495307612095,NA
census,1,68,Norwegian_ssh,0,963,NA,0.308411214953271,0.5192107995846313,0.17237798546209762,NA
census,1,69,Norwegian_ssh,0,966,NA,0.3612836438923395,0.494824016563147,0.14389233954451347,NA
census,1,70,Norwegian_ssh,0,959,NA,0.3472367049009385,0.5140771637122002,0.1386861313868613,NA
census,1,71,Norwegian_ssh,0,956,NA,0.3253138075313807,0.5094142259414226,0.16527196652719664,NA
census,1,72,Norwegian_ssh,0,959,NA,0.33889468196037537,0.4921793534932221,0.1689259645464025,NA
census,1,73,Norwegian_ssh,0,953,NA,0.33263378803777544,0.4931794333683106,0.17418677859391396,NA
census,1,74,Norwegian_ssh,0,949,NA,0.38883034773445735,0.45521601685985247,0.1559536354056902,NA
census,1,75,Norwegian_ssh,0,937,NA,0.423692636072572,0.4215581643543223,0.15474919957310565,NA
census,1,76,Norwegian_ssh,0,951,NA,0.4153522607781283,0.4185068349106204,0.1661409043112513,NA
census,1,77,Norwegian_ssh,0,956,NA,0.34414225941422594,0.5261506276150628,0.1297071129707113,NA
census,1,78,Norwegian_ssh,0,942,NA,0.37579617834394907,0.5254777070063694,0.09872611464968153,NA
census,1,79,Norwegian_ssh,0,945,NA,0.44126984126984126,0.4677248677248677,0.091005291005291,NA
census,1,80,Norwegian_ssh,0,759,NA,0.43478260869565216,0.4650856389986825,0.10013175230566534,NA
census,1,30,Redfish,0,182,NA,0.8791208791208791,0.07692307692307693,0.04395604395604396,NA
census,1,31,Redfish,0,934,0.034261241970021415,0.8297644539614561,0.061027837259100645,0.07494646680942184,NA
census,1,32,Redfish,0,929,0.04413347685683531,0.8331539289558665,0.0527448869752422,0.06996770721205597,NA
census,1,33,Redfish,0,930,0.024731182795698924,0.8720430107526882,0.04516129032258064,0.05806451612903226,NA
census,1,34,Redfish,0,914,0.014223194748358862,0.8599562363238512,0.06564551422319474,0.060175054704595186,NA
census,1,35,Redfish,0,930,0.012903225806451613,0.8559139784946237,0.06236559139784946,0.06881720430107527,NA
census,1,36,Redfish,0,920,0.02391304347826087,0.8543478260869565,0.0641304347826087,0.057608695652173914,NA
census,1,37,Redfish,0,926,0.03455723542116631,0.8369330453563715,0.06587473002159827,0.06263498920086392,NA
census,1,38,Redfish,0,917,0.028353326063249727,0.9094874591057798,0.04034896401308615,0.021810250817884406,NA
census,1,39,Redfish,0,931,0.013963480128893663,0.8431793770139635,0.06337271750805586,0.079484425349087,NA
census,1,40,Redfish,0,920,0.018478260869565218,0.8445652173913043,0.07173913043478261,0.06521739130434782,NA
census,1,41,Redfish,0,946,0.011627906976744186,0.8202959830866807,0.08879492600422834,0.07928118393234672,NA
census,1,42,Redfish,0,932,0.028969957081545063,0.8004291845493562,0.09656652360515021,0.0740343347639485,NA
census,1,43,Redfish,0,922,0.046637744034707156,0.8394793926247288,0.06182212581344902,0.052060737527114966,NA
census,1,44,Redfish,0,934,0.0974304068522484,0.7826552462526767,0.055674518201284794,0.06423982869379015,NA
census,1,45,Redfish,0,931,0.047261009667024706,0.8345864661654135,0.05800214822771214,0.06015037593984962,NA
census,1,46,Redfish,0,932,0.05042918454935622,0.8487124463519313,0.04721030042918455,0.0536480686695279,NA
census,1,47,Redfish,0,929,0.015069967707212056,0.8589881593110872,0.061356297093649086,0.06458557588805167,NA
census,1,48,Redfish,0,931,0.04940923737916219,0.8216970998925887,0.055853920515574654,0.07303974221267455,NA
census,1,49,Redfish,0,935,0.0427807486631016,0.8331550802139037,0.04385026737967915,0.08021390374331551,NA
census,1,50,Redfish,0,929,0.05597416576964478,0.8105489773950484,0.04413347685683531,0.08934337997847147,NA
census,1,51,Redfish,0,928,0.03771551724137931,0.8362068965517241,0.04418103448275862,0.08189655172413793,NA
census,1,52,Redfish,0,933,0.05787781350482315,0.7995712754555199,0.05144694533762058,0.09110396570203644,NA
census,1,53,Redfish,0,925,0.02702702702702703,0.8454054054054054,0.046486486486486484,0.08108108108108109,NA
census,1,54,Redfish,0,924,0.02922077922077922,0.8409090909090909,0.050865800865800864,0.07900432900432901,NA
census,1,55,Redfish,0,928,0.015086206896551725,0.8577586206896551,0.061422413793103446,0.06573275862068965,NA
census,1,56,Redfish,0,937,0.016008537886873,0.8505869797225186,0.07790821771611527,0.05549626467449306,NA
census,1,57,Redfish,0,920,0.010869565217391304,0.8195652173913044,0.09782608695652174,0.07173913043478261,NA
census,1,58,Redfish,0,930,0.01935483870967742,0.8365591397849462,0.08172043010752689,0.06236559139784946,NA
census,1,59,Redfish,0,927,0.06040992448759439,0.790722761596548,0.07659115426105717,0.07227615965480043,NA
census,1,60,Redfish,0,933,0.04930332261521972,0.7877813504823151,0.0707395498392283,0.09217577706323687,NA
census,1,61,Redfish,0,942,0.03927813163481953,0.807855626326964,0.06581740976645435,0.0870488322717622,NA
census,1,62,Redfish,0,936,0.030982905982905984,0.8012820512820513,0.08440170940170941,0.08333333333333333,NA
census,1,63,Redfish,0,924,0.04004329004329004,0.8225108225108225,0.06493506493506493,0.07251082251082251,NA
census,1,64,Redfish,0,917,0.07306434023991276,0.7993456924754635,0.062159214830970554,0.06543075245365322,NA
census,1,65,Redfish,0,926,0.03779697624190065,0.8077753779697624,0.07451403887688984,0.07991360691144708,NA
census,1,66,Redfish,0,929,0.06673842841765339,0.7857911733046287,0.077502691065662,0.06996770721205597,NA
census,1,67,Redfish,0,930,0.01827956989247312,0.8258064516129032,0.07204301075268817,0.08387096774193549,NA
census,1,68,Redfish,0,927,0.037756202804746494,0.8327939590075513,0.0593311758360302,0.07011866235167206,NA
census,1,69,Redfish,0,933,0.05251875669882101,0.804930332261522,0.06752411575562701,0.07502679528403002,NA
census,1,70,Redfish,0,920,0.06195652173913044,0.8282608695652174,0.05217391304347826,0.057608695652173914,NA
census,1,71,Redfish,0,944,0.00847457627118644,0.8463983050847458,0.07838983050847458,0.06673728813559322,NA
census,1,72,Redfish,0,935,0.0053475935828877,0.825668449197861,0.08021390374331551,0.08877005347593583,NA
census,1,73,Redfish,0,920,0.009782608695652175,0.8380434782608696,0.0891304347826087,0.06304347826086956,NA
census,1,74,Redfish,0,926,0.01079913606911447,0.8326133909287257,0.10151187904967603,0.0550755939524838,NA
census,1,75,Redfish,0,928,0.03556034482758621,0.8168103448275862,0.09051724137931035,0.057112068965517244,NA
census,1,76,Redfish,0,940,0.02872340425531915,0.824468085106383,0.07021276595744681,0.07659574468085106,NA
census,1,77,Redfish,0,938,0.031982942430703626,0.8219616204690832,0.0767590618336887,0.06929637526652452,NA
census,1,78,Redfish,0,913,0.04600219058050383,0.8214676889375685,0.05805038335158817,0.07447973713033954,NA
census,1,79,Redfish,0,918,0.023965141612200435,0.8420479302832244,0.07298474945533769,0.061002178649237473,NA
census,1,80,Redfish,0,748,0.04946524064171123,0.7994652406417112,0.06684491978609626,0.08422459893048129,NA
census,1,30,Saithe,0,180,0.2388888888888889,0.7388888888888889,0.022222222222222223,NA,NA
census,1,31,Saithe,0,869,0.44188722669735325,0.5454545454545454,0.012658227848101266,NA,NA
census,1,32,Saithe,0,884,0.4106334841628959,0.5678733031674208,0.021493212669683258,NA,NA
census,1,33,Saithe,0,896,0.41517857142857145,0.5725446428571429,0.012276785714285714,NA,NA
census,1,34,Saithe,0,888,0.42117117117117114,0.5777027027027027,0.0011261261261261261,NA,NA
census,1,35,Saithe,0,908,0.4107929515418502,0.5814977973568282,0.007709251101321586,NA,NA
census,1,36,Saithe,0,891,0.4287317620650954,0.5656565656565656,0.005611672278338945,NA,NA
census,1,37,Saithe,0,884,0.38235294117647056,0.6119909502262444,0.005656108597285068,NA,NA
census,1,38,Saithe,0,878,0.4145785876993166,0.5683371298405467,0.017084282460136675,NA,NA
census,1,39,Saithe,0,903,0.4108527131782946,0.5736434108527132,0.015503875968992248,NA,NA
census,1,40,Saithe,0,891,0.38271604938271603,0.6150392817059483,0.002244668911335578,NA,NA
census,1,41,Saithe,0,888,0.36373873873873874,0.6283783783783784,0.007882882882882882,NA,NA
census,1,42,Saithe,0,910,0.34505494505494505,0.6362637362637362,0.01868131868131868,NA,NA
census,1,43,Saithe,0,893,0.3269876819708847,0.64501679731243,0.027995520716685332,NA,NA
census,1,44,Saithe,0,890,0.32808988764044944,0.6573033707865169,0.014606741573033709,NA,NA
census,1,45,Saithe,0,897,0.3132664437012263,0.6566332218506131,0.030100334448160536,NA,NA
census,1,46,Saithe,0,873,0.3413516609392898,0.6426116838487973,0.016036655211912942,NA,NA
census,1,47,Saithe,0,903,0.3222591362126246,0.636766334440753,0.04097452934662237,NA,NA
census,1,48,Saithe,0,873,0.3356242840778923,0.6242840778923253,0.04009163802978236,NA,NA
census,1,49,Saithe,0,879,0.3265073947667804,0.6348122866894198,0.038680318543799774,NA,NA
census,1,50,Saithe,0,874,0.3695652173913043,0.6006864988558352,0.029748283752860413,NA,NA
census,1,51,Saithe,0,858,0.3822843822843823,0.5815850815850816,0.03613053613053613,NA,NA
census,1,52,Saithe,0,876,0.3972602739726027,0.54337899543379,0.0593607305936073,NA,NA
census,1,53,Saithe,0,874,0.37871853546910755,0.5755148741418764,0.04576659038901602,NA,NA
census,1,54,Saithe,0,849,0.4016489988221437,0.5783274440518257,0.020023557126030624,NA,NA
census,1,55,Saithe,0,845,0.3988165680473373,0.5881656804733728,0.01301775147928994,NA,NA
census,1,56,Saithe,0,858,0.3822843822843823,0.5932400932400932,0.024475524475524476,NA,NA
census,1,57,Saithe,0,866,0.36027713625866054,0.6177829099307159,0.021939953810623556,NA,NA
census,1,58,Saithe,0,878,0.31890660592255127,0.6697038724373576,0.011389521640091117,NA,NA
census,1,59,Saithe,0,850,0.30941176470588233,0.6764705882352942,0.01411764705882353,NA,NA
census,1,60,Saithe,0,884,0.27828054298642535,0.6889140271493213,0.032805429864253395,NA,NA
census,1,61,Saithe,0,860,0.24651162790697675,0.7255813953488373,0.027906976744186046,NA,NA
census,1,62,Saithe,0,881,0.21452894438138478,0.7377979568671964,0.04767309875141884,NA,NA
census,1,63,Saithe,0,856,0.1939252336448598,0.7406542056074766,0.06542056074766354,NA,NA
census,1,64,Saithe,0,875,0.20685714285714285,0.6891428571428572,0.104,NA,NA
census,1,65,Saithe,0,859,0.20721769499417927,0.6786961583236322,0.1140861466821886,NA,NA
census,1,66,Saithe,0,848,0.19929245283018868,0.6627358490566038,0.13797169811320756,NA,NA
census,1,67,Saithe,0,845,0.1952662721893491,0.6556213017751479,0.14911242603550295,NA,NA
census,1,68,Saithe,0,859,0.18160651920838183,0.6169965075669382,0.20139697322467986,NA,NA
census,1,69,Saithe,0,852,0.14553990610328638,0.6279342723004695,0.22652582159624413,NA,NA
census,1,70,Saithe,0,829,0.18938480096501809,0.6055488540410132,0.20506634499396864,NA,NA
census,1,71,Saithe,0,810,0.16419753086419753,0.6049382716049383,0.2222222222222222,0.008641975308641974,NA
census,1,72,Saithe,0,803,0.14072229140722292,0.6002490660024906,0.25280199252801994,0.0062266500622665,NA
census,1,73,Saithe,0,798,0.12155388471177944,0.6177944862155389,0.2581453634085213,0.002506265664160401,NA
census,1,74,Saithe,0,756,0.12301587301587301,0.6468253968253969,0.22354497354497355,0.006613756613756613,NA
census,1,75,Saithe,0,786,0.12595419847328243,0.6081424936386769,0.25572519083969464,0.010178117048346057,NA
census,1,76,Saithe,0,751,0.11318242343541944,0.6697736351531292,0.2103861517976032,0.006657789613848202,NA
census,1,77,Saithe,0,764,0.10471204188481675,0.6112565445026178,0.2683246073298429,0.015706806282722512,NA
census,1,78,Saithe,0,780,0.1076923076923077,0.6038461538461538,0.2641025641025641,0.02435897435897436,NA
census,1,79,Saithe,0,738,0.10569105691056911,0.5813008130081301,0.29132791327913277,0.02168021680216802,NA
census,1,80,Saithe,0,581,0.14457831325301204,0.5697074010327022,0.27882960413080893,0.0068846815834767644,NA
nearbox,1,30,Blue_whiting,0,85,NA,NA,0.29411764705882354,0.7058823529411765,NA
nearbox,1,31,Blue_whiting,0,394,NA,0.03807106598984772,0.4949238578680203,0.467005076142132,NA
nearbox,1,32,Blue_whiting,0,384,NA,0.036458333333333336,0.4921875,0.4713541666666667,NA
nearbox,1,33,Blue_whiting,0,402,NA,0.03233830845771144,0.48009950248756217,0.48756218905472637,NA
nearbox,1,34,Blue_whiting,0,386,NA,0.03367875647668394,0.48186528497409326,0.4844559585492228,NA
nearbox,1,35,Blue_whiting,0,377,NA,0.029177718832891247,0.4960212201591512,0.47480106100795755,NA
nearbox,1,36,Blue_whiting,0,386,NA,0.031088082901554404,0.4896373056994819,0.4792746113989637,NA
nearbox,1,37,Blue_whiting,0,384,NA,0.03125,0.453125,0.515625,NA
nearbox,1,38,Blue_whiting,0,377,NA,0.026525198938992044,0.4535809018567639,0.5172413793103449,0.002652519893899204
nearbox,1,39,Blue_whiting,0,388,NA,0.030927835051546393,0.4536082474226804,0.5154639175257731,NA
nearbox,1,40,Blue_whiting,0,385,NA,0.033766233766233764,0.4701298701298701,0.4961038961038961,NA
nearbox,1,41,Blue_whiting,0,393,NA,0.03816793893129771,0.48091603053435117,0.48091603053435117,NA
nearbox,1,42,Blue_whiting,0,393,NA,0.027989821882951654,0.4402035623409669,0.5318066157760815,NA
nearbox,1,43,Blue_whiting,0,394,NA,0.03299492385786802,0.4796954314720812,0.4873096446700508,NA
nearbox,1,44,Blue_whiting,0,373,NA,0.02680965147453083,0.4289544235924933,0.5442359249329759,NA
nearbox,1,45,Blue_whiting,0,396,NA,0.025252525252525252,0.4595959595959596,0.5151515151515151,NA
nearbox,1,46,Blue_whiting,0,385,NA,0.03116883116883117,0.4623376623376623,0.5064935064935064,NA
nearbox,1,47,Blue_whiting,0,380,NA,0.02894736842105263,0.4605263157894737,0.5105263157894737,NA
nearbox,1,48,Blue_whiting,0,388,NA,0.03350515463917526,0.45103092783505155,0.5154639175257731,NA
nearbox,1,49,Blue_whiting,0,384,NA,0.03125,0.4635416666666667,0.5026041666666666,0.0026041666666666665
nearbox,1,50,Blue_whiting,0,378,NA,0.023809523809523808,0.47619047619047616,0.5,NA
nearbox,1,51,Blue_whiting,0,380,NA,0.031578947368421054,0.4763157894736842,0.4921052631578947,NA
nearbox,1,52,Blue_whiting,0,388,NA,0.028350515463917526,0.4845360824742268,0.48711340206185566,NA
nearbox,1,53,Blue_whiting,0,385,NA,0.033766233766233764,0.4961038961038961,0.4701298701298701,NA
nearbox,1,54,Blue_whiting,0,383,NA,0.0391644908616188,0.49869451697127937,0.4621409921671018,NA
nearbox,1,55,Blue_whiting,0,371,NA,0.03773584905660377,0.5336927223719676,0.42857142857142855,NA
nearbox,1,56,Blue_whiting,0,381,NA,0.031496062992125984,0.44881889763779526,0.5196850393700787,NA
nearbox,1,57,Blue_whiting,0,390,NA,0.02564102564102564,0.45897435897435895,0.5153846153846153,NA
nearbox,1,58,Blue_whiting,0,396,NA,0.030303030303030304,0.45202020202020204,0.5176767676767676,NA
nearbox,1,59,Blue_whiting,0,393,NA,0.030534351145038167,0.41475826972010177,0.55470737913486,NA
nearbox,1,60,Blue_whiting,0,377,NA,0.03183023872679045,0.4588859416445623,0.5092838196286472,NA
nearbox,1,61,Blue_whiting,0,389,NA,0.030848329048843187,0.4473007712082262,0.5218508997429306,NA
nearbox,1,62,Blue_whiting,0,395,NA,0.02531645569620253,0.41265822784810124,0.5620253164556962,NA
nearbox,1,63,Blue_whiting,0,383,NA,0.02610966057441253,0.4621409921671018,0.5091383812010444,0.0026109660574412533
nearbox,1,64,Blue_whiting,0,398,NA,0.02763819095477387,0.457286432160804,0.5150753768844221,NA
nearbox,1,65,Blue_whiting,0,380,NA,0.031578947368421054,0.45789473684210524,0.5105263157894737,NA
nearbox,1,66,Blue_whiting,0,389,NA,0.028277634961439587,0.455012853470437,0.5167095115681234,NA
nearbox,1,67,Blue_whiting,0,381,NA,0.026246719160104987,0.46194225721784776,0.5118110236220472,NA
nearbox,1,68,Blue_whiting,0,382,NA,0.034031413612565446,0.4424083769633508,0.5235602094240838,NA
nearbox,1,69,Blue_whiting,0,391,NA,0.030690537084398978,0.4680306905370844,0.49872122762148335,0.0025575447570332483
nearbox,1,70,Blue_whiting,0,379,NA,0.0316622691292876,0.48284960422163586,0.48548812664907653,NA
nearbox,1,71,Blue_whiting,0,395,NA,0.02531645569620253,0.4379746835443038,0.5367088607594936,NA
nearbox,1,72,Blue_whiting,0,378,NA,0.026455026455026454,0.4444444444444444,0.5291005291005291,NA
nearbox,1,73,Blue_whiting,0,400,NA,0.025,0.43,0.545,NA
nearbox,1,74,Blue_whiting,0,391,NA,0.028132992327365727,0.44501278772378516,0.5242966751918159,0.0025575447570332483
nearbox,1,75,Blue_whiting,0,385,NA,0.033766233766233764,0.45454545454545453,0.5116883116883116,NA
nearbox,1,76,Blue_whiting,0,368,NA,0.029891304347826088,0.46467391304347827,0.5054347826086957,NA
nearbox,1,77,Blue_whiting,0,381,NA,0.031496062992125984,0.41732283464566927,0.5511811023622047,NA
nearbox,1,78,Blue_whiting,0,392,NA,0.030612244897959183,0.43112244897959184,0.5382653061224489,NA
nearbox,1,79,Blue_whiting,0,398,NA,0.03015075376884422,0.457286432160804,0.5125628140703518,NA
nearbox,1,80,Blue_whiting,0,282,NA,0.031914893617021274,0.4929078014184397,0.475177304964539,NA
nearbox,1,30,Capelin,0,96,NA,NA,0.7395833333333334,0.2604166666666667,NA
nearbox,1,31,Capelin,0,99,0.020202020202020204,0.797979797979798,0.1414141414141414,0.04040404040404041,NA
nearbox,1,35,Capelin,0,495,0.00202020202020202,0.23636363636363636,0.6525252525252525,0.10909090909090909,NA
nearbox,1,36,Capelin,0,488,0.004098360655737705,0.2336065573770492,0.6311475409836066,0.13114754098360656,NA
nearbox,1,37,Capelin,0,493,0.004056795131845842,0.2332657200811359,0.6044624746450304,0.15821501014198783,NA
nearbox,1,38,Capelin,0,100,0.02,0.71,0.18,0.09,NA
nearbox,1,41,Capelin,0,491,0.002036659877800407,0.22606924643584522,0.604887983706721,0.1670061099796334,NA
nearbox,1,42,Capelin,0,493,0.002028397565922921,0.23529411764705882,0.6105476673427992,0.15212981744421908,NA
nearbox,1,43,Capelin,0,484,0.002066115702479339,0.2396694214876033,0.621900826446281,0.13636363636363635,NA
nearbox,1,44,Capelin,0,491,0.004073319755600814,0.2484725050916497,0.6171079429735234,0.13034623217922606,NA
nearbox,1,45,Capelin,0,496,0.0020161290322580645,0.20766129032258066,0.594758064516129,0.19556451612903225,NA
nearbox,1,46,Capelin,0,493,0.004056795131845842,0.24949290060851928,0.6572008113590264,0.08924949290060852,NA
nearbox,1,47,Capelin,0,492,0.0040650406504065045,0.23577235772357724,0.6443089430894309,0.11585365853658537,NA
nearbox,1,48,Capelin,0,100,0.02,0.85,0.1,0.03,NA
nearbox,1,49,Capelin,0,486,0.00411522633744856,0.25102880658436216,0.6152263374485597,0.12962962962962962,NA
nearbox,1,50,Capelin,0,98,0.02040816326530612,0.8061224489795918,0.1326530612244898,0.04081632653061224,NA
nearbox,1,51,Capelin,0,493,0.004056795131845842,0.24949290060851928,0.6328600405679513,0.11359026369168357,NA
nearbox,1,52,Capelin,0,490,0.0020408163265306124,0.23265306122448978,0.6306122448979592,0.1346938775510204,NA
nearbox,1,53,Capelin,0,498,0.004016064257028112,0.22690763052208834,0.5823293172690763,0.18674698795180722,NA
nearbox,1,54,Capelin,0,493,0.002028397565922921,0.23935091277890466,0.6572008113590264,0.10141987829614604,NA
nearbox,1,55,Capelin,0,490,0.004081632653061225,0.2612244897959184,0.6428571428571429,0.09183673469387756,NA
nearbox,1,56,Capelin,0,493,0.002028397565922921,0.20892494929006086,0.5983772819472617,0.19066937119675456,NA
nearbox,1,57,Capelin,0,489,0.002044989775051125,0.22699386503067484,0.6503067484662577,0.12065439672801637,NA
nearbox,1,58,Capelin,0,492,0.0020325203252032522,0.23983739837398374,0.6300813008130082,0.12804878048780488,NA
nearbox,1,59,Capelin,0,494,0.0020242914979757085,0.21862348178137653,0.6052631578947368,0.17408906882591094,NA
nearbox,1,60,Capelin,0,494,0.0020242914979757085,0.23076923076923078,0.6174089068825911,0.14979757085020243,NA
nearbox,1,61,Capelin,0,490,0.0020408163265306124,0.24693877551020407,0.6285714285714286,0.12244897959183673,NA
nearbox,1,62,Capelin,0,494,0.0020242914979757085,0.24898785425101214,0.6376518218623481,0.11133603238866396,NA
nearbox,1,63,Capelin,0,491,0.002036659877800407,0.24032586558044808,0.6252545824847251,0.13238289205702647,NA
nearbox,1,64,Capelin,0,493,0.002028397565922921,0.2332657200811359,0.6166328600405679,0.14807302231237324,NA
nearbox,1,65,Capelin,0,496,0.0020161290322580645,0.22782258064516128,0.6048387096774194,0.16532258064516128,NA
nearbox,1,66,Capelin,0,488,0.0020491803278688526,0.22540983606557377,0.6434426229508197,0.1290983606557377,NA
nearbox,1,67,Capelin,0,495,0.00404040404040404,0.2767676767676768,0.6242424242424243,0.09494949494949495,NA
nearbox,1,68,Capelin,0,487,0.004106776180698152,0.25051334702258726,0.6201232032854209,0.12525667351129363,NA
nearbox,1,69,Capelin,0,487,0.004106776180698152,0.2546201232032854,0.6201232032854209,0.12114989733059549,NA
nearbox,1,70,Capelin,0,492,0.0040650406504065045,0.2601626016260163,0.6443089430894309,0.09146341463414634,NA
nearbox,1,71,Capelin,0,493,0.002028397565922921,0.22920892494929007,0.6288032454361054,0.13995943204868155,NA
nearbox,1,72,Capelin,0,495,0.00202020202020202,0.21212121212121213,0.604040404040404,0.1797979797979798,0.00202020202020202
nearbox,1,73,Capelin,0,493,0.002028397565922921,0.23935091277890466,0.6450304259634888,0.11359026369168357,NA
nearbox,1,74,Capelin,0,491,0.002036659877800407,0.24643584521384929,0.6293279022403259,0.12219959266802444,NA
nearbox,1,75,Capelin,0,494,0.0020242914979757085,0.22267206477732793,0.5708502024291497,0.20445344129554655,NA
nearbox,1,76,Capelin,0,489,0.002044989775051125,0.22699386503067484,0.621676891615542,0.1492842535787321,NA
nearbox,1,77,Capelin,0,490,0.0020408163265306124,0.2612244897959184,0.6408163265306123,0.09591836734693877,NA
nearbox,1,78,Capelin,0,497,0.002012072434607646,0.23742454728370221,0.6016096579476862,0.158953722334004,NA
nearbox,1,79,Capelin,0,488,0.004098360655737705,0.25,0.610655737704918,0.13524590163934427,NA
nearbox,1,80,Capelin,0,393,0.005089058524173028,0.3104325699745547,0.6055979643765903,0.07888040712468193,NA
nearbox,1,30,Green_halibut,0,51,NA,0.7254901960784313,0.27450980392156865,NA,NA
nearbox,1,31,Green_halibut,0,323,NA,0.48606811145510836,0.48297213622291024,0.030959752321981424,NA
nearbox,1,32,Green_halibut,0,357,NA,0.4369747899159664,0.41456582633053224,0.1484593837535014,NA
nearbox,1,33,Green_halibut,0,325,NA,0.4523076923076923,0.4646153846153846,0.08307692307692308,NA
nearbox,1,34,Green_halibut,0,337,NA,0.5014836795252225,0.4124629080118694,0.08605341246290801,NA
nearbox,1,35,Green_halibut,0,348,NA,0.41379310344827586,0.4281609195402299,0.15804597701149425,NA
nearbox,1,36,Green_halibut,0,326,NA,0.4386503067484663,0.44171779141104295,0.1196319018404908,NA
nearbox,1,37,Green_halibut,0,300,NA,0.5433333333333333,0.45,0.006666666666666667,NA
nearbox,1,38,Green_halibut,0,355,NA,0.4422535211267606,0.447887323943662,0.10985915492957747,NA
nearbox,1,39,Green_halibut,0,359,NA,0.42618384401114207,0.40668523676880225,0.1671309192200557,NA
nearbox,1,40,Green_halibut,0,345,NA,0.4260869565217391,0.4753623188405797,0.09855072463768116,NA
nearbox,1,41,Green_halibut,0,335,NA,0.42686567164179107,0.5313432835820896,0.041791044776119404,NA
nearbox,1,42,Green_halibut,0,324,NA,0.44135802469135804,0.4506172839506173,0.10802469135802469,NA
nearbox,1,43,Green_halibut,0,350,NA,0.4828571428571429,0.35428571428571426,0.16285714285714287,NA
nearbox,1,44,Green_halibut,0,349,NA,0.46418338108882523,0.4498567335243553,0.08595988538681948,NA
nearbox,1,45,Green_halibut,0,310,NA,0.5193548387096775,0.38387096774193546,0.0967741935483871,NA
nearbox,1,46,Green_halibut,0,356,NA,0.40730337078651685,0.4691011235955056,0.12359550561797752,NA
nearbox,1,47,Green_halibut,0,330,NA,0.4575757575757576,0.49393939393939396,0.048484848484848485,NA
nearbox,1,48,Green_halibut,0,364,NA,0.4423076923076923,0.4478021978021978,0.10989010989010989,NA
nearbox,1,49,Green_halibut,0,359,NA,0.4456824512534819,0.415041782729805,0.1392757660167131,NA
nearbox,1,50,Green_halibut,0,364,NA,0.43956043956043955,0.42857142857142855,0.13186813186813187,NA
nearbox,1,51,Green_halibut,0,313,NA,0.5239616613418531,0.38338658146964855,0.0926517571884984,NA
nearbox,1,52,Green_halibut,0,329,NA,0.4133738601823708,0.48936170212765956,0.0972644376899696,NA
nearbox,1,53,Green_halibut,0,372,NA,0.43010752688172044,0.4327956989247312,0.13709677419354838,NA
nearbox,1,54,Green_halibut,0,338,NA,0.4289940828402367,0.47928994082840237,0.09171597633136094,NA
nearbox,1,55,Green_halibut,0,354,NA,0.4491525423728814,0.4406779661016949,0.11016949152542373,NA
nearbox,1,56,Green_halibut,0,359,NA,0.42896935933147634,0.48467966573816157,0.08635097493036212,NA
nearbox,1,57,Green_halibut,0,360,NA,0.45,0.4888888888888889,0.06111111111111111,NA
nearbox,1,58,Green_halibut,0,352,NA,0.42613636363636365,0.4630681818181818,0.11079545454545454,NA
nearbox,1,59,Green_halibut,0,349,NA,0.4584527220630373,0.49570200573065903,0.045845272206303724,NA
nearbox,1,60,Green_halibut,0,336,NA,0.4732142857142857,0.35119047619047616,0.17559523809523808,NA
nearbox,1,61,Green_halibut,0,366,NA,0.3825136612021858,0.48633879781420764,0.13114754098360656,NA
nearbox,1,62,Green_halibut,0,325,NA,0.47692307692307695,0.39384615384615385,0.12923076923076923,NA
nearbox,1,63,Green_halibut,0,365,NA,0.4602739726027397,0.4054794520547945,0.13424657534246576,NA
nearbox,1,64,Green_halibut,0,304,NA,0.5427631578947368,0.34539473684210525,0.1118421052631579,NA
nearbox,1,65,Green_halibut,0,333,NA,0.5285285285285285,0.37537537537537535,0.0960960960960961,NA
nearbox,1,66,Green_halibut,0,311,NA,0.5337620578778135,0.4662379421221865,NA,NA
nearbox,1,67,Green_halibut,0,342,NA,0.5116959064327485,0.40350877192982454,0.0847953216374269,NA
nearbox,1,68,Green_halibut,0,322,NA,0.5248447204968945,0.4751552795031056,NA,NA
nearbox,1,69,Green_halibut,0,309,NA,0.598705501618123,0.36245954692556637,0.038834951456310676,NA
nearbox,1,70,Green_halibut,0,318,NA,0.4748427672955975,0.4968553459119497,0.02830188679245283,NA
nearbox,1,71,Green_halibut,0,337,NA,0.47774480712166173,0.4599406528189911,0.06231454005934718,NA
nearbox,1,72,Green_halibut,0,318,NA,0.5377358490566038,0.46226415094339623,NA,NA
nearbox,1,73,Green_halibut,0,332,NA,0.5331325301204819,0.3373493975903614,0.12951807228915663,NA
nearbox,1,74,Green_halibut,0,367,NA,0.4904632152588556,0.4332425068119891,0.07629427792915532,NA
nearbox,1,75,Green_halibut,0,325,NA,0.5169230769230769,0.40923076923076923,0.07384615384615385,NA
nearbox,1,76,Green_halibut,0,339,NA,0.4778761061946903,0.4336283185840708,0.08849557522123894,NA
nearbox,1,77,Green_halibut,0,330,NA,0.5393939393939394,0.4090909090909091,0.051515151515151514,NA
nearbox,1,78,Green_halibut,0,341,NA,0.47214076246334313,0.4310850439882698,0.0967741935483871,NA
nearbox,1,79,Green_halibut,0,326,NA,0.5030674846625767,0.4662576687116564,0.03067484662576687,NA
nearbox,1,80,Green_halibut,0,283,NA,0.4558303886925795,0.4664310954063604,0.07773851590106007,NA
nearbox,1,30,Haddock,0,87,NA,0.08045977011494253,0.896551724137931,0.022988505747126436,NA
nearbox,1,31,Haddock,0,446,NA,0.14573991031390135,0.7802690582959642,0.07399103139013453,NA
nearbox,1,32,Haddock,0,429,NA,0.34032634032634035,0.5594405594405595,0.10023310023310024,NA
nearbox,1,33,Haddock,0,415,NA,0.4819277108433735,0.38795180722891565,0.13012048192771083,NA
nearbox,1,34,Haddock,0,460,0.24565217391304348,0.5413043478260869,0.17173913043478262,0.041304347826086954,NA
nearbox,1,35,Haddock,0,476,NA,0.9432773109243697,0.05672268907563025,NA,NA
nearbox,1,36,Haddock,0,470,NA,0.40425531914893614,0.5957446808510638,NA,NA
nearbox,1,37,Haddock,0,459,NA,0.04139433551198257,0.9520697167755992,0.006535947712418301,NA
nearbox,1,38,Haddock,0,443,NA,NA,0.9029345372460497,0.09706546275395034,NA
nearbox,1,39,Haddock,0,460,NA,0.0391304347826087,0.7695652173913043,0.19130434782608696,NA
nearbox,1,40,Haddock,0,432,NA,0.12962962962962962,0.5995370370370371,0.2708333333333333,NA
nearbox,1,41,Haddock,0,433,NA,0.23325635103926096,0.49653579676674364,0.2702078521939954,NA
nearbox,1,42,Haddock,0,432,NA,0.4097222222222222,0.3819444444444444,0.20833333333333334,NA
nearbox,1,43,Haddock,0,437,0.13729977116704806,0.540045766590389,0.2151029748283753,0.10755148741418764,NA
nearbox,1,44,Haddock,0,423,NA,0.8912529550827423,0.09456264775413711,0.014184397163120567,NA
nearbox,1,45,Haddock,0,441,NA,0.4467120181405896,0.5238095238095238,0.02947845804988662,NA
nearbox,1,46,Haddock,0,438,NA,0.136986301369863,0.8082191780821918,0.0547945205479452,NA
nearbox,1,47,Haddock,0,446,0.1681614349775785,0.3273542600896861,0.4820627802690583,0.02242152466367713,NA
nearbox,1,48,Haddock,0,436,NA,0.8440366972477065,0.15137614678899083,0.0045871559633027525,NA
nearbox,1,49,Haddock,0,438,NA,0.8242009132420092,0.17579908675799086,NA,NA
nearbox,1,50,Haddock,0,466,0.002145922746781116,0.8133047210300429,0.18454935622317598,NA,NA
nearbox,1,51,Haddock,0,458,NA,0.6921397379912664,0.3078602620087336,NA,NA
nearbox,1,52,Haddock,0,455,NA,0.1824175824175824,0.8175824175824176,NA,NA
nearbox,1,53,Haddock,0,430,NA,0.004651162790697674,0.9767441860465116,0.018604651162790697,NA
nearbox,1,54,Haddock,0,425,NA,0.03294117647058824,0.8282352941176471,0.1388235294117647,NA
nearbox,1,55,Haddock,0,405,NA,0.056790123456790124,0.6962962962962963,0.24691358024691357,NA
nearbox,1,56,Haddock,0,425,NA,0.10588235294117647,0.5905882352941176,0.3035294117647059,NA
nearbox,1,57,Haddock,0,412,0.0024271844660194173,0.23058252427184467,0.4733009708737864,0.2936893203883495,NA
nearbox,1,58,Haddock,0,382,NA,0.42670157068062825,0.32722513089005234,0.24607329842931938,NA
nearbox,1,59,Haddock,0,414,0.06521739130434782,0.5990338164251208,0.2222222222222222,0.11352657004830918,NA
nearbox,1,60,Haddock,0,403,NA,0.8411910669975186,0.13647642679900746,0.022332506203473945,NA
nearbox,1,61,Haddock,0,404,NA,0.4084158415841584,0.5668316831683168,0.024752475247524754,NA
nearbox,1,62,Haddock,0,413,NA,0.10411622276029056,0.8498789346246973,0.04600484261501211,NA
nearbox,1,63,Haddock,0,407,NA,0.06633906633906633,0.8427518427518428,0.09090909090909091,NA
nearbox,1,64,Haddock,0,410,0.21951219512195122,0.375609756097561,0.3439024390243902,0.06097560975609756,NA
nearbox,1,65,Haddock,0,419,NA,0.8806682577565632,0.10739856801909307,0.011933174224343675,NA
nearbox,1,66,Haddock,0,429,NA,0.44522144522144524,0.5524475524475524,0.002331002331002331,NA
nearbox,1,67,Haddock,0,411,NA,0.046228710462287104,0.9416058394160584,0.012165450121654502,NA
nearbox,1,68,Haddock,0,384,NA,0.020833333333333332,0.8880208333333334,0.09114583333333333,NA
nearbox,1,69,Haddock,0,417,NA,0.0815347721822542,0.7482014388489209,0.17026378896882494,NA
nearbox,1,70,Haddock,0,374,NA,0.08288770053475936,0.6363636363636364,0.2807486631016043,NA
nearbox,1,71,Haddock,0,381,NA,0.08923884514435695,0.6430446194225722,0.2677165354330709,NA
nearbox,1,72,Haddock,0,366,NA,0.1448087431693989,0.5355191256830601,0.319672131147541,NA
nearbox,1,73,Haddock,0,352,NA,0.17329545454545456,0.46875,0.35795454545454547,NA
nearbox,1,74,Haddock,0,347,NA,0.2507204610951009,0.41210374639769454,0.3371757925072046,NA
nearbox,1,75,Haddock,0,407,0.25061425061425063,0.45454545454545453,0.15233415233415235,0.14250614250614252,NA
nearbox,1,76,Haddock,0,446,NA,0.9417040358744395,0.05829596412556054,NA,NA
nearbox,1,77,Haddock,0,429,NA,0.40326340326340326,0.5967365967365967,NA,NA
nearbox,1,78,Haddock,0,427,NA,0.0351288056206089,0.9601873536299765,0.00468384074941452,NA
nearbox,1,79,Haddock,0,408,NA,NA,0.9044117647058824,0.09558823529411764,NA
nearbox,1,80,Haddock,0,320,NA,0.00625,0.815625,0.178125,NA
nearbox,1,31,Mackerel,0,166,NA,0.14457831325301204,0.5180722891566265,0.3373493975903614,NA
nearbox,1,32,Mackerel,0,163,NA,0.1656441717791411,0.5153374233128835,0.31901840490797545,NA
nearbox,1,33,Mackerel,0,172,NA,0.14534883720930233,0.5174418604651163,0.3372093023255814,NA
nearbox,1,34,Mackerel,0,166,NA,0.1686746987951807,0.536144578313253,0.29518072289156627,NA
nearbox,1,35,Mackerel,0,165,NA,0.12727272727272726,0.4909090909090909,0.38181818181818183,NA
nearbox,1,36,Mackerel,0,163,NA,0.1411042944785276,0.5644171779141104,0.294478527607362,NA
nearbox,1,37,Mackerel,0,177,NA,0.1751412429378531,0.559322033898305,0.2655367231638418,NA
nearbox,1,38,Mackerel,0,177,NA,0.15819209039548024,0.5028248587570622,0.3389830508474576,NA
nearbox,1,39,Mackerel,0,165,NA,0.1393939393939394,0.5333333333333333,0.32727272727272727,NA
nearbox,1,40,Mackerel,0,165,NA,0.16363636363636364,0.47878787878787876,0.3575757575757576,NA
nearbox,1,41,Mackerel,0,161,NA,0.15527950310559005,0.5590062111801242,0.2857142857142857,NA
nearbox,1,42,Mackerel,0,163,NA,0.11042944785276074,0.6073619631901841,0.2822085889570552,NA
nearbox,1,43,Mackerel,0,174,NA,0.1206896551724138,0.5804597701149425,0.2988505747126437,NA
nearbox,1,44,Mackerel,0,173,NA,0.1676300578034682,0.5722543352601156,0.26011560693641617,NA
nearbox,1,45,Mackerel,0,164,NA,0.2073170731707317,0.5304878048780488,0.2621951219512195,NA
nearbox,1,46,Mackerel,0,167,NA,0.1377245508982036,0.5449101796407185,0.31736526946107785,NA
nearbox,1,47,Mackerel,0,175,NA,0.17142857142857143,0.5714285714285714,0.2571428571428571,NA
nearbox,1,48,Mackerel,0,180,NA,0.16111111111111112,0.5555555555555556,0.2833333333333333,NA
nearbox,1,49,Mackerel,0,166,NA,0.1686746987951807,0.6204819277108434,0.21084337349397592,NA
nearbox,1,50,Mackerel,0,168,NA,0.17261904761904762,0.5654761904761905,0.2619047619047619,NA
nearbox,1,51,Mackerel,0,171,NA,0.17543859649122806,0.543859649122807,0.2807017543859649,NA
nearbox,1,52,Mackerel,0,171,NA,0.2046783625730994,0.52046783625731,0.27485380116959063,NA
nearbox,1,53,Mackerel,0,168,NA,0.11904761904761904,0.5714285714285714,0.30952380952380953,NA
nearbox,1,54,Mackerel,0,165,NA,0.18181818181818182,0.5757575757575758,0.24242424242424243,NA
nearbox,1,55,Mackerel,0,167,NA,0.1497005988023952,0.592814371257485,0.25748502994011974,NA
nearbox,1,56,Mackerel,0,151,NA,0.18543046357615894,0.5562913907284768,0.2582781456953642,NA
nearbox,1,57,Mackerel,0,170,NA,0.19411764705882353,0.5176470588235295,0.28823529411764703,NA
nearbox,1,58,Mackerel,0,165,NA,0.12121212121212122,0.5636363636363636,0.3151515151515151,NA
nearbox,1,59,Mackerel,0,161,NA,0.16770186335403728,0.5403726708074534,0.2919254658385093,NA
nearbox,1,60,Mackerel,0,163,NA,0.18404907975460122,0.5276073619631901,0.2883435582822086,NA
nearbox,1,61,Mackerel,0,163,NA,0.1656441717791411,0.5276073619631901,0.3067484662576687,NA
nearbox,1,62,Mackerel,0,170,NA,0.19411764705882353,0.6,0.20588235294117646,NA
nearbox,1,63,Mackerel,0,167,NA,0.18562874251497005,0.49101796407185627,0.32335329341317365,NA
nearbox,1,64,Mackerel,0,167,NA,0.11377245508982035,0.5868263473053892,0.2994011976047904,NA
nearbox,1,65,Mackerel,0,170,NA,0.11176470588235295,0.5705882352941176,0.3176470588235294,NA
nearbox,1,66,Mackerel,0,163,NA,0.19631901840490798,0.5214723926380368,0.2822085889570552,NA
nearbox,1,67,Mackerel,0,157,NA,0.17834394904458598,0.5477707006369427,0.27388535031847133,NA
nearbox,1,68,Mackerel,0,170,NA,0.17058823529411765,0.611764705882353,0.21764705882352942,NA
nearbox,1,69,Mackerel,0,172,NA,0.1569767441860465,0.5348837209302325,0.3081395348837209,NA
nearbox,1,70,Mackerel,0,167,NA,0.18562874251497005,0.49101796407185627,0.32335329341317365,NA
nearbox,1,71,Mackerel,0,162,NA,0.12962962962962962,0.5555555555555556,0.3148148148148148,NA
nearbox,1,72,Mackerel,0,169,NA,0.17751479289940827,0.5029585798816568,0.31952662721893493,NA
nearbox,1,73,Mackerel,0,170,NA,0.16470588235294117,0.48823529411764705,0.34705882352941175,NA
nearbox,1,74,Mackerel,0,164,NA,0.17682926829268292,0.5548780487804879,0.2682926829268293,NA
nearbox,1,75,Mackerel,0,164,NA,0.20121951219512196,0.5548780487804879,0.24390243902439024,NA
nearbox,1,76,Mackerel,0,166,NA,0.16265060240963855,0.5481927710843374,0.2891566265060241,NA
nearbox,1,77,Mackerel,0,165,NA,0.12121212121212122,0.5393939393939394,0.3393939393939394,NA
nearbox,1,78,Mackerel,0,163,NA,0.15337423312883436,0.5398773006134969,0.3067484662576687,NA
nearbox,1,79,Mackerel,0,169,NA,0.14792899408284024,0.5325443786982249,0.31952662721893493,NA
nearbox,1,80,Mackerel,0,173,NA,0.1676300578034682,0.5202312138728323,0.31213872832369943,NA
nearbox,1,30,North_atl_cod,0,91,NA,0.7362637362637363,0.26373626373626374,NA,NA
nearbox,1,31,North_atl_cod,0,449,0.008908685968819599,0.6347438752783965,0.35634743875278396,NA,NA
nearbox,1,32,North_atl_cod,0,430,0.009302325581395349,0.6534883720930232,0.3372093023255814,NA,NA
nearbox,1,33,North_atl_cod,0,450,0.006666666666666667,0.64,0.35333333333333333,NA,NA
nearbox,1,34,North_atl_cod,0,448,0.004464285714285714,0.6272321428571429,0.36830357142857145,NA,NA
nearbox,1,35,North_atl_cod,0,432,0.004629629629629629,0.6296296296296297,0.36574074074074076,NA,NA
nearbox,1,36,North_atl_cod,0,437,0.009153318077803204,0.6178489702517163,0.3684210526315789,0.004576659038901602,NA
nearbox,1,37,North_atl_cod,0,443,0.01805869074492099,0.636568848758465,0.345372460496614,NA,NA
nearbox,1,38,North_atl_cod,0,444,0.018018018018018018,0.6351351351351351,0.34684684684684686,NA,NA
nearbox,1,39,North_atl_cod,0,438,0.02054794520547945,0.6529680365296804,0.3264840182648402,NA,NA
nearbox,1,40,North_atl_cod,0,441,0.018140589569160998,0.6485260770975056,0.3333333333333333,NA,NA
nearbox,1,41,North_atl_cod,0,448,0.017857142857142856,0.6495535714285714,0.3325892857142857,NA,NA
nearbox,1,42,North_atl_cod,0,442,0.013574660633484163,0.6244343891402715,0.36199095022624433,NA,NA
nearbox,1,43,North_atl_cod,0,445,0.008988764044943821,0.6449438202247191,0.34606741573033706,NA,NA
nearbox,1,44,North_atl_cod,0,440,0.004545454545454545,0.65,0.34545454545454546,NA,NA
nearbox,1,45,North_atl_cod,0,433,0.004618937644341801,0.6304849884526559,0.3648960739030023,NA,NA
nearbox,1,46,North_atl_cod,0,445,0.006741573033707865,0.6314606741573033,0.36179775280898874,NA,NA
nearbox,1,47,North_atl_cod,0,444,0.009009009009009009,0.6238738738738738,0.36711711711711714,NA,NA
nearbox,1,48,North_atl_cod,0,451,0.013303769401330377,0.623059866962306,0.36363636363636365,NA,NA
nearbox,1,49,North_atl_cod,0,438,0.0136986301369863,0.6506849315068494,0.3356164383561644,NA,NA
nearbox,1,50,North_atl_cod,0,444,0.009009009009009009,0.6351351351351351,0.35585585585585583,NA,NA
nearbox,1,51,North_atl_cod,0,438,0.0091324200913242,0.6438356164383562,0.3470319634703196,NA,NA
nearbox,1,52,North_atl_cod,0,435,0.009195402298850575,0.6160919540229886,0.37471264367816093,NA,NA
nearbox,1,53,North_atl_cod,0,425,0.01411764705882353,0.6376470588235295,0.34823529411764703,NA,NA
nearbox,1,54,North_atl_cod,0,433,0.025404157043879907,0.6235565819861432,0.3510392609699769,NA,NA
nearbox,1,55,North_atl_cod,0,425,0.03294117647058824,0.6258823529411764,0.3411764705882353,NA,NA
nearbox,1,56,North_atl_cod,0,427,0.04215456674473068,0.6182669789227166,0.3395784543325527,NA,NA
nearbox,1,57,North_atl_cod,0,437,0.057208237986270026,0.6086956521739131,0.3340961098398169,NA,NA
nearbox,1,58,North_atl_cod,0,405,0.044444444444444446,0.6345679012345679,0.32098765432098764,NA,NA
nearbox,1,59,North_atl_cod,0,450,0.04666666666666667,0.6177777777777778,0.33555555555555555,NA,NA
nearbox,1,60,North_atl_cod,0,422,0.04265402843601896,0.6374407582938388,0.31990521327014215,NA,NA
nearbox,1,61,North_atl_cod,0,441,0.04081632653061224,0.6281179138321995,0.3310657596371882,NA,NA
nearbox,1,62,North_atl_cod,0,420,0.04285714285714286,0.6523809523809524,0.3047619047619048,NA,NA
nearbox,1,63,North_atl_cod,0,438,0.0410958904109589,0.6095890410958904,0.3493150684931507,NA,NA
nearbox,1,64,North_atl_cod,0,442,0.04072398190045249,0.6221719457013575,0.33710407239819007,NA,NA
nearbox,1,65,North_atl_cod,0,435,0.034482758620689655,0.639080459770115,0.3264367816091954,NA,NA
nearbox,1,66,North_atl_cod,0,432,0.032407407407407406,0.625,0.3425925925925926,NA,NA
nearbox,1,67,North_atl_cod,0,442,0.03167420814479638,0.6040723981900452,0.36425339366515835,NA,NA
nearbox,1,68,North_atl_cod,0,444,0.04054054054054054,0.6216216216216216,0.33783783783783783,NA,NA
nearbox,1,69,North_atl_cod,0,434,0.03225806451612903,0.6267281105990783,0.34101382488479265,NA,NA
nearbox,1,70,North_atl_cod,0,419,0.026252983293556086,0.6276849642004774,0.3460620525059666,NA,NA
nearbox,1,71,North_atl_cod,0,427,0.0351288056206089,0.6276346604215457,0.3372365339578454,NA,NA
nearbox,1,72,North_atl_cod,0,445,0.04044943820224719,0.604494382022472,0.35280898876404493,0.0022471910112359553,NA
nearbox,1,73,North_atl_cod,0,426,0.035211267605633804,0.6384976525821596,0.32629107981220656,NA,NA
nearbox,1,74,North_atl_cod,0,423,0.03546099290780142,0.6264775413711584,0.3380614657210402,NA,NA
nearbox,1,75,North_atl_cod,0,440,0.04090909090909091,0.6,0.35909090909090907,NA,NA
nearbox,1,76,North_atl_cod,0,434,0.03917050691244239,0.6221198156682027,0.3387096774193548,NA,NA
nearbox,1,77,North_atl_cod,0,435,0.041379310344827586,0.6298850574712643,0.32873563218390806,NA,NA
nearbox,1,78,North_atl_cod,0,436,0.03211009174311927,0.6284403669724771,0.3394495412844037,NA,NA
nearbox,1,79,North_atl_cod,0,423,0.0425531914893617,0.6453900709219859,0.3120567375886525,NA,NA
nearbox,1,80,North_atl_cod,0,340,0.052941176470588235,0.5852941176470589,0.36176470588235293,NA,NA
nearbox,1,30,Norwegian_ssh,0,88,NA,0.13636363636363635,0.3977272727272727,0.4659090909090909,NA
nearbox,1,31,Norwegian_ssh,0,434,NA,0.2557603686635945,0.45622119815668205,0.2880184331797235,NA
nearbox,1,32,Norwegian_ssh,0,451,NA,0.3082039911308204,0.4124168514412417,0.2793791574279379,NA
nearbox,1,33,Norwegian_ssh,0,453,NA,0.31346578366445915,0.4370860927152318,0.24944812362030905,NA
nearbox,1,34,Norwegian_ssh,0,447,NA,0.21700223713646533,0.5592841163310962,0.22371364653243847,NA
nearbox,1,35,Norwegian_ssh,0,453,NA,0.16556291390728478,0.6136865342163356,0.22075055187637968,NA
nearbox,1,36,Norwegian_ssh,0,452,NA,0.19247787610619468,0.588495575221239,0.21902654867256638,NA
nearbox,1,37,Norwegian_ssh,0,447,NA,0.18791946308724833,0.5615212527964206,0.2505592841163311,NA
nearbox,1,38,Norwegian_ssh,0,466,NA,0.20600858369098712,0.5643776824034334,0.2296137339055794,NA
nearbox,1,39,Norwegian_ssh,0,458,NA,0.24017467248908297,0.5611353711790393,0.19868995633187772,NA
nearbox,1,40,Norwegian_ssh,0,461,NA,0.24511930585683298,0.5075921908893709,0.2472885032537961,NA
nearbox,1,41,Norwegian_ssh,0,456,NA,0.22807017543859648,0.5153508771929824,0.2565789473684211,NA
nearbox,1,42,Norwegian_ssh,0,445,NA,0.3550561797752809,0.43820224719101125,0.20674157303370785,NA
nearbox,1,43,Norwegian_ssh,0,437,NA,0.43707093821510296,0.39816933638443935,0.16475972540045766,NA
nearbox,1,44,Norwegian_ssh,0,447,NA,0.42953020134228187,0.39149888143176736,0.1789709172259508,NA
nearbox,1,45,Norwegian_ssh,0,446,NA,0.3923766816143498,0.4641255605381166,0.14349775784753363,NA
nearbox,1,46,Norwegian_ssh,0,435,NA,0.3839080459770115,0.5195402298850574,0.09655172413793103,NA
nearbox,1,47,Norwegian_ssh,0,444,NA,0.32657657657657657,0.5788288288288288,0.0945945945945946,NA
nearbox,1,48,Norwegian_ssh,0,448,NA,0.29910714285714285,0.5825892857142857,0.11830357142857142,NA
nearbox,1,49,Norwegian_ssh,0,444,NA,0.29504504504504503,0.5675675675675675,0.1373873873873874,NA
nearbox,1,50,Norwegian_ssh,0,446,NA,0.26905829596412556,0.5807174887892377,0.15022421524663676,NA
nearbox,1,51,Norwegian_ssh,0,440,0.0022727272727272726,0.38181818181818183,0.5068181818181818,0.10909090909090909,NA
nearbox,1,52,Norwegian_ssh,0,452,NA,0.4557522123893805,0.4314159292035398,0.11283185840707964,NA
nearbox,1,53,Norwegian_ssh,0,451,NA,0.4279379157427938,0.4722838137472284,0.09977827050997783,NA
nearbox,1,54,Norwegian_ssh,0,438,NA,0.4315068493150685,0.4840182648401826,0.08447488584474885,NA
nearbox,1,55,Norwegian_ssh,0,445,NA,0.3865168539325843,0.4966292134831461,0.11685393258426967,NA
nearbox,1,56,Norwegian_ssh,0,443,NA,0.29571106094808125,0.5711060948081265,0.13318284424379231,NA
nearbox,1,57,Norwegian_ssh,0,448,NA,0.30357142857142855,0.5267857142857143,0.16964285714285715,NA
nearbox,1,58,Norwegian_ssh,0,451,NA,0.4567627494456763,0.4079822616407982,0.1352549889135255,NA
nearbox,1,59,Norwegian_ssh,0,447,NA,0.4541387024608501,0.4004474272930649,0.14541387024608501,NA
nearbox,1,60,Norwegian_ssh,0,452,NA,0.46017699115044247,0.4092920353982301,0.13053097345132744,NA
nearbox,1,61,Norwegian_ssh,0,433,NA,0.43187066974595845,0.48267898383371827,0.08545034642032333,NA
nearbox,1,62,Norwegian_ssh,0,448,NA,0.3950892857142857,0.49330357142857145,0.11160714285714286,NA
nearbox,1,63,Norwegian_ssh,0,432,NA,0.3680555555555556,0.5092592592592593,0.12268518518518519,NA
nearbox,1,64,Norwegian_ssh,0,445,NA,0.3303370786516854,0.5528089887640449,0.11685393258426967,NA
nearbox,1,65,Norwegian_ssh,0,441,NA,0.28798185941043086,0.5963718820861678,0.11564625850340136,NA
nearbox,1,66,Norwegian_ssh,0,443,NA,0.34988713318284426,0.5327313769751693,0.11738148984198646,NA
nearbox,1,67,Norwegian_ssh,0,436,NA,0.3256880733944954,0.5435779816513762,0.13073394495412843,NA
nearbox,1,68,Norwegian_ssh,0,442,NA,0.4434389140271493,0.4457013574660634,0.11085972850678733,NA
nearbox,1,69,Norwegian_ssh,0,447,NA,0.40939597315436244,0.4697986577181208,0.12080536912751678,NA
nearbox,1,70,Norwegian_ssh,0,439,NA,0.4191343963553531,0.489749430523918,0.09111617312072894,NA
nearbox,1,71,Norwegian_ssh,0,445,NA,0.4449438202247191,0.4584269662921348,0.09662921348314607,NA
nearbox,1,72,Norwegian_ssh,0,445,NA,0.33707865168539325,0.5393258426966292,0.12359550561797752,NA
nearbox,1,73,Norwegian_ssh,0,451,NA,0.3991130820399113,0.4811529933481153,0.1197339246119734,NA
nearbox,1,74,Norwegian_ssh,0,440,NA,0.45454545454545453,0.43863636363636366,0.10681818181818181,NA
nearbox,1,75,Norwegian_ssh,0,427,NA,0.4918032786885246,0.4098360655737705,0.09836065573770492,NA
nearbox,1,76,Norwegian_ssh,0,434,NA,0.49078341013824883,0.423963133640553,0.08525345622119816,NA
nearbox,1,77,Norwegian_ssh,0,443,NA,0.4153498871331828,0.5214446952595937,0.06320541760722348,NA
nearbox,1,78,Norwegian_ssh,0,448,NA,0.38169642857142855,0.5491071428571429,0.06919642857142858,NA
nearbox,1,79,Norwegian_ssh,0,452,NA,0.4247787610619469,0.497787610619469,0.07743362831858407,NA
nearbox,1,80,Norwegian_ssh,0,369,NA,0.5365853658536586,0.4010840108401084,0.06233062330623306,NA
nearbox,1,30,Redfish,0,91,NA,0.9120879120879121,0.054945054945054944,0.03296703296703297,NA
nearbox,1,31,Redfish,0,457,0.03938730853391685,0.8927789934354485,0.05032822757111598,0.0175054704595186,NA
nearbox,1,32,Redfish,0,435,0.04367816091954023,0.896551724137931,0.03908045977011494,0.020689655172413793,NA
nearbox,1,33,Redfish,0,445,0.02696629213483146,0.8831460674157303,0.04044943820224719,0.04943820224719101,NA
nearbox,1,34,Redfish,0,433,0.016166281755196306,0.8914549653579676,0.04849884526558892,0.04387990762124711,NA
nearbox,1,35,Redfish,0,445,0.01348314606741573,0.9123595505617977,0.051685393258426963,0.02247191011235955,NA
nearbox,1,36,Redfish,0,448,0.026785714285714284,0.8883928571428571,0.060267857142857144,0.024553571428571428,NA
nearbox,1,37,Redfish,0,446,0.03587443946188341,0.874439461883408,0.04484304932735426,0.04484304932735426,NA
nearbox,1,38,Redfish,0,441,0.02947845804988662,0.9047619047619048,0.045351473922902494,0.02040816326530612,NA
nearbox,1,39,Redfish,0,443,0.01580135440180587,0.90744920993228,0.056433408577878104,0.020316027088036117,NA
nearbox,1,40,Redfish,0,440,0.020454545454545454,0.9045454545454545,0.04772727272727273,0.02727272727272727,NA
nearbox,1,41,Redfish,0,435,0.013793103448275862,0.8551724137931035,0.09195402298850575,0.03908045977011494,NA
nearbox,1,42,Redfish,0,440,0.031818181818181815,0.8477272727272728,0.075,0.045454545454545456,NA
nearbox,1,43,Redfish,0,442,0.042986425339366516,0.8371040723981901,0.08144796380090498,0.038461538461538464,NA
nearbox,1,44,Redfish,0,440,0.10454545454545454,0.7909090909090909,0.056818181818181816,0.04772727272727273,NA
nearbox,1,45,Redfish,0,440,0.04772727272727273,0.8477272727272728,0.06136363636363636,0.04318181818181818,NA
nearbox,1,46,Redfish,0,443,0.04740406320541761,0.873589164785553,0.05417607223476298,0.024830699774266364,NA
nearbox,1,47,Redfish,0,433,0.016166281755196306,0.9099307159353349,0.053117782909930716,0.020785219399538105,NA
nearbox,1,48,Redfish,0,438,0.04794520547945205,0.8538812785388128,0.0502283105022831,0.04794520547945205,NA
nearbox,1,49,Redfish,0,439,0.04328018223234624,0.8792710706150342,0.04555808656036447,0.03189066059225513,NA
nearbox,1,50,Redfish,0,445,0.060674157303370786,0.8606741573033708,0.035955056179775284,0.04269662921348315,NA
nearbox,1,51,Redfish,0,437,0.038901601830663615,0.8924485125858124,0.043478260869565216,0.02517162471395881,NA
nearbox,1,52,Redfish,0,441,0.05668934240362812,0.8956916099773242,0.031746031746031744,0.015873015873015872,NA
nearbox,1,53,Redfish,0,437,0.029748283752860413,0.8832951945080092,0.04805491990846682,0.038901601830663615,NA
nearbox,1,54,Redfish,0,438,0.0319634703196347,0.910958904109589,0.0228310502283105,0.03424657534246575,NA
nearbox,1,55,Redfish,0,449,0.017817371937639197,0.9175946547884187,0.051224944320712694,0.013363028953229399,NA
nearbox,1,56,Redfish,0,442,0.01809954751131222,0.8800904977375565,0.06334841628959276,0.038461538461538464,NA
nearbox,1,57,Redfish,0,448,0.013392857142857142,0.8660714285714286,0.08035714285714286,0.04017857142857143,NA
nearbox,1,58,Redfish,0,451,0.019955654101995565,0.8381374722838137,0.0975609756097561,0.04434589800443459,NA
nearbox,1,59,Redfish,0,449,0.0645879732739421,0.8017817371937639,0.0957683741648107,0.0378619153674833,NA
nearbox,1,60,Redfish,0,453,0.052980132450331126,0.8211920529801324,0.08167770419426049,0.04415011037527594,NA
nearbox,1,61,Redfish,0,456,0.039473684210526314,0.8618421052631579,0.05921052631578947,0.039473684210526314,NA
nearbox,1,62,Redfish,0,456,0.03070175438596491,0.8464912280701754,0.07894736842105263,0.043859649122807015,NA
nearbox,1,63,Redfish,0,433,0.04157043879907621,0.8775981524249422,0.06928406466512702,0.011547344110854504,NA
nearbox,1,64,Redfish,0,441,0.07709750566893424,0.8412698412698413,0.061224489795918366,0.02040816326530612,NA
nearbox,1,65,Redfish,0,438,0.0410958904109589,0.8812785388127854,0.06621004566210045,0.01141552511415525,NA
nearbox,1,66,Redfish,0,456,0.06578947368421052,0.8442982456140351,0.05043859649122807,0.039473684210526314,NA
nearbox,1,67,Redfish,0,441,0.018140589569160998,0.8752834467120182,0.07256235827664399,0.034013605442176874,NA
nearbox,1,68,Redfish,0,442,0.038461538461538464,0.8823529411764706,0.049773755656108594,0.029411764705882353,NA
nearbox,1,69,Redfish,0,439,0.05694760820045558,0.8724373576309795,0.05239179954441914,0.018223234624145785,NA
nearbox,1,70,Redfish,0,455,0.06593406593406594,0.8417582417582418,0.03956043956043956,0.05274725274725275,NA
nearbox,1,71,Redfish,0,443,0.006772009029345372,0.871331828442438,0.08126410835214447,0.040632054176072234,NA
nearbox,1,72,Redfish,0,448,0.006696428571428571,0.90625,0.0625,0.024553571428571428,NA
nearbox,1,73,Redfish,0,454,0.00881057268722467,0.8502202643171806,0.09691629955947137,0.04405286343612335,NA
nearbox,1,74,Redfish,0,447,0.013422818791946308,0.843400447427293,0.09843400447427293,0.0447427293064877,NA
nearbox,1,75,Redfish,0,438,0.0410958904109589,0.8424657534246576,0.0821917808219178,0.03424657534246575,NA
nearbox,1,76,Redfish,0,449,0.028953229398663696,0.8574610244988864,0.07349665924276169,0.0400890868596882,NA
nearbox,1,77,Redfish,0,433,0.03695150115473441,0.8568129330254042,0.06235565819861432,0.04387990762124711,NA
nearbox,1,78,Redfish,0,441,0.045351473922902494,0.8775510204081632,0.06349206349206349,0.013605442176870748,NA
nearbox,1,79,Redfish,0,451,0.024390243902439025,0.8337028824833703,0.06651884700665188,0.07538802660753881,NA
nearbox,1,80,Redfish,0,363,0.05509641873278237,0.8457300275482094,0.06060606060606061,0.03856749311294766,NA
nearbox,1,30,Saithe,0,86,0.2441860465116279,0.7558139534883721,NA,NA,NA
nearbox,1,31,Saithe,0,450,0.4711111111111111,0.5288888888888889,NA,NA,NA
nearbox,1,32,Saithe,0,454,0.44933920704845814,0.5506607929515418,NA,NA,NA
nearbox,1,33,Saithe,0,445,0.451685393258427,0.5483146067415731,NA,NA,NA
nearbox,1,34,Saithe,0,467,0.4475374732334047,0.5524625267665952,NA,NA,NA
nearbox,1,35,Saithe,0,462,0.4653679653679654,0.5346320346320347,NA,NA,NA
nearbox,1,36,Saithe,0,450,0.44,0.56,NA,NA,NA
nearbox,1,37,Saithe,0,448,0.42857142857142855,0.5714285714285714,NA,NA,NA
nearbox,1,38,Saithe,0,461,0.40130151843817785,0.5986984815618221,NA,NA,NA
nearbox,1,39,Saithe,0,454,0.41629955947136565,0.5837004405286343,NA,NA,NA
nearbox,1,40,Saithe,0,459,0.42919389978213507,0.5708061002178649,NA,NA,NA
nearbox,1,41,Saithe,0,448,0.3861607142857143,0.6071428571428571,0.006696428571428571,NA,NA
nearbox,1,42,Saithe,0,451,0.3924611973392461,0.6075388026607539,NA,NA,NA
nearbox,1,43,Saithe,0,449,0.3830734966592428,0.6169265033407573,NA,NA,NA
nearbox,1,44,Saithe,0,439,0.3940774487471526,0.6059225512528473,NA,NA,NA
nearbox,1,45,Saithe,0,447,0.3668903803131991,0.6331096196868009,NA,NA,NA
nearbox,1,46,Saithe,0,431,0.3851508120649652,0.6148491879350348,NA,NA,NA
nearbox,1,47,Saithe,0,435,0.36551724137931035,0.6344827586206897,NA,NA,NA
nearbox,1,48,Saithe,0,443,0.37020316027088035,0.6275395033860045,0.002257336343115124,NA,NA
nearbox,1,49,Saithe,0,429,0.38694638694638694,0.6107226107226107,0.002331002331002331,NA,NA
nearbox,1,50,Saithe,0,437,0.4096109839816934,0.5812356979405034,0.009153318077803204,NA,NA
nearbox,1,51,Saithe,0,431,0.4361948955916473,0.5498839907192575,0.013921113689095127,NA,NA
nearbox,1,52,Saithe,0,435,0.43448275862068964,0.5655172413793104,NA,NA,NA
nearbox,1,53,Saithe,0,431,0.4547563805104408,0.5452436194895591,NA,NA,NA
nearbox,1,54,Saithe,0,438,0.4337899543378995,0.5662100456621004,NA,NA,NA
nearbox,1,55,Saithe,0,440,0.41363636363636364,0.5863636363636363,NA,NA,NA
nearbox,1,56,Saithe,0,449,0.37861915367483295,0.6169265033407573,0.004454342984409799,NA,NA
nearbox,1,57,Saithe,0,441,0.4036281179138322,0.5963718820861678,NA,NA,NA
nearbox,1,58,Saithe,0,442,0.36199095022624433,0.6380090497737556,NA,NA,NA
nearbox,1,59,Saithe,0,453,0.3200883002207506,0.6799116997792495,NA,NA,NA
nearbox,1,60,Saithe,0,435,0.3057471264367816,0.6942528735632184,NA,NA,NA
nearbox,1,61,Saithe,0,434,0.271889400921659,0.728110599078341,NA,NA,NA
nearbox,1,62,Saithe,0,429,0.2261072261072261,0.7738927738927739,NA,NA,NA
nearbox,1,63,Saithe,0,441,0.21768707482993196,0.7777777777777778,0.0045351473922902496,NA,NA
nearbox,1,64,Saithe,0,428,0.2546728971962617,0.7289719626168224,0.016355140186915886,NA,NA
nearbox,1,65,Saithe,0,418,0.22488038277511962,0.7655502392344498,0.009569377990430622,NA,NA
nearbox,1,66,Saithe,0,402,0.2512437810945274,0.7388059701492538,0.009950248756218905,NA,NA
nearbox,1,67,Saithe,0,398,0.3065326633165829,0.678391959798995,0.01507537688442211,NA,NA
nearbox,1,68,Saithe,0,395,0.23037974683544304,0.7189873417721518,0.05063291139240506,NA,NA
nearbox,1,69,Saithe,0,377,0.2625994694960212,0.7241379310344828,0.013262599469496022,NA,NA
nearbox,1,70,Saithe,0,385,0.2623376623376623,0.6779220779220779,0.05974025974025974,NA,NA
nearbox,1,71,Saithe,0,367,0.26975476839237056,0.7302452316076294,NA,NA,NA
nearbox,1,72,Saithe,0,368,0.23097826086956522,0.75,0.019021739130434784,NA,NA
nearbox,1,73,Saithe,0,365,0.20821917808219179,0.7835616438356164,0.00821917808219178,NA,NA
nearbox,1,74,Saithe,0,349,0.19197707736389685,0.8080229226361032,NA,NA,NA
nearbox,1,75,Saithe,0,349,0.2034383954154728,0.7822349570200573,0.014326647564469915,NA,NA
nearbox,1,76,Saithe,0,346,0.19653179190751446,0.7716763005780347,0.031791907514450865,NA,NA
nearbox,1,77,Saithe,0,335,0.15223880597014924,0.826865671641791,0.020895522388059702,NA,NA
nearbox,1,78,Saithe,0,341,0.18181818181818182,0.8035190615835777,0.01466275659824047,NA,NA
nearbox,1,79,Saithe,0,333,0.2072072072072072,0.7867867867867868,0.006006006006006006,NA,NA
nearbox,1,80,Saithe,0,286,0.24475524475524477,0.7552447552447552,NA,NA,NA
