"fleet","area","year","species_itis","type","totalBiomass","sizeclass1","sizeclass2","sizeclass3","sizeclass4","sizeclass5"
"demersal","GB",1964,"164712",0,10955.4795277143,NA,NA,NA,NA,NA
"fixedGear","GB",1964,"164712",0,1173.64077387095,NA,NA,NA,NA,NA
"demersal","GB",1965,"164712",0,10149.1061455391,NA,NA,NA,NA,NA
"fixedGear","GB",1965,"164712",0,1089.04579686595,NA,NA,NA,NA,NA
"demersal","GB",1966,"164712",0,9965.49512930972,NA,NA,NA,NA,NA
"fixedGear","GB",1966,"164712",0,1546.73455955942,NA,NA,NA,NA,NA
"demersal","GB",1967,"164712",0,10438.9797926961,NA,NA,NA,NA,NA
"fixedGear","GB",1967,"164712",0,1590.88588007811,NA,NA,NA,NA,NA
"demersal","GB",1968,"164712",0,12426.2396332605,NA,NA,NA,NA,NA
"fixedGear","GB",1968,"164712",0,1460.05532561427,NA,NA,NA,NA,NA
"demersal","GB",1969,"164712",0,13757.3014535095,NA,0.0015503842176971,0.319387966425914,0.627491040378999,0.0515706089773895
"fixedGear","GB",1969,"164712",0,1759.11376467134,NA,NA,NA,NA,NA
"demersal","GB",1970,"164712",0,11891.2070211889,NA,0.000145432235151374,0.22956698847301,0.713753604037751,0.0565339752540874
"fixedGear","GB",1970,"164712",0,2083.33977637786,NA,NA,NA,NA,NA
"demersal","GB",1971,"164712",0,12856.1939440827,NA,0.000299106427093048,0.228402873246345,0.737216077445263,0.0340819428812994
"fixedGear","GB",1971,"164712",0,2564.91244531368,NA,NA,NA,NA,NA
"demersal","GB",1972,"164712",0,10734.015774616,NA,0.00241490732928319,0.267991119809514,0.691111713899893,0.0384822589613095
"fixedGear","GB",1972,"164712",0,2288.74726676288,NA,NA,NA,NA,NA
"demersal","GB",1973,"164712",0,13402.6312291133,NA,0.00614832978222792,0.411367461301193,0.483015349124336,0.0994688597922434
"fixedGear","GB",1973,"164712",0,2413.1386239422,NA,NA,NA,NA,NA
"pelagic","GB",1973,"164712",0,4.44021570993,NA,NA,NA,NA,NA
"demersal","GB",1974,"164712",0,15004.9435545841,NA,0.0012766791000478,0.430736389002059,0.52025152129507,0.047735410602824
"fixedGear","GB",1974,"164712",0,2592.33890796573,NA,NA,NA,NA,NA
"pelagic","GB",1974,"164712",0,5.91348372769,NA,NA,NA,NA,NA
"demersal","GB",1975,"164712",0,12513.9739230583,NA,0.00230657303347904,0.249973739599663,0.713886467827885,0.0338332195389722
"fixedGear","GB",1975,"164712",0,2572.77002593919,NA,NA,NA,NA,NA
"pelagic","GB",1975,"164712",0,0.22997133159,NA,NA,NA,NA,NA
"demersal","GB",1976,"164712",0,12423.0531468613,NA,0.00111426568466978,0.234492132639428,0.737196215880682,0.0271973857952197
"fixedGear","GB",1976,"164712",0,1716.71240351611,NA,NA,NA,NA,NA
"pelagic","GB",1976,"164712",0,0.3039068879,NA,NA,NA,NA,NA
"demersal","GB",1977,"164712",0,19152.8525478844,NA,0.00100355175083116,0.377306337294531,0.580780025201418,0.0409100857532201
"fixedGear","GB",1977,"164712",0,1041.584159231,NA,NA,NA,NA,NA
"demersal","GB",1978,"164712",0,22337.4520028752,NA,0.000106142772078826,0.327920181375172,0.666568074177688,0.00540560167506039
"fixedGear","GB",1978,"164712",0,2843.8155074098,NA,NA,NA,NA,NA
"pelagic","GB",1978,"164712",0,0.37421370525,NA,NA,NA,NA,NA
"demersal","GB",1979,"164712",0,27073.6966084231,NA,0.000367524076526966,0.120121925092762,0.827638318959743,0.0518722318709677
"fixedGear","GB",1979,"164712",0,4188.15624429048,NA,NA,NA,NA,NA
"demersal","GB",1980,"164712",0,33142.1320256288,NA,0.0016741863376506,0.249597710058072,0.727483008523998,0.0212450950802791
"fixedGear","GB",1980,"164712",0,5677.14305204046,NA,NA,NA,NA,NA
"pelagic","GB",1980,"164712",0,0.06078137758,NA,NA,NA,NA,NA
"demersal","GB",1981,"164712",0,28265.2883003368,NA,0.00496089310943674,0.30725278487787,0.644967135957783,0.0428191860549095
"fixedGear","GB",1981,"164712",0,4532.8664874262,NA,NA,NA,NA,NA
"demersal","GB",1982,"164712",0,34110.0323723151,NA,0.00108699398149782,0.165992734557434,0.673834163776308,0.15908610768476
"fixedGear","GB",1982,"164712",0,4159.67245782396,NA,NA,0.0885937885413609,0.911406211458639,NA
"pelagic","GB",1982,"164712",0,7.51466479379,NA,NA,NA,NA,NA
"demersal","GB",1983,"164712",0,32259.6544620227,NA,NA,0.114280981327076,0.718075841507721,0.167643177165203
"fixedGear","GB",1983,"164712",0,3240.23528072552,NA,NA,0.0527043679323009,0.947295632067699,NA
"pelagic","GB",1983,"164712",0,1.16028928246,NA,NA,NA,NA,NA
"demersal","GB",1984,"164712",0,27539.1073276234,NA,NA,0.0821373395721117,0.714228140868357,0.203634519559531
"fixedGear","GB",1984,"164712",0,4318.31321408487,NA,NA,NA,NA,NA
"pelagic","GB",1984,"164712",0,8.73346749198,NA,NA,NA,NA,NA
"demersal","GB",1985,"164712",0,22062.9238391878,NA,4.75272758215357e-05,0.0928711971612096,0.7545841659284,0.152497109634569
"fixedGear","GB",1985,"164712",0,3906.72395113924,NA,NA,0.0105435523384985,0.989456447661502,NA
"pelagic","GB",1985,"164712",0,0.01406136347,NA,NA,NA,NA,NA
"demersal","GB",1986,"164712",0,14099.7196943996,NA,0.000105852393240978,0.104062424686355,0.741276980281622,0.154554742638781
"fixedGear","GB",1986,"164712",0,2914.91701859204,NA,NA,NA,NA,NA
"demersal","GB",1987,"164712",0,14910.2130560714,NA,NA,0.12433482939706,0.774681554074518,0.100983616528422
"fixedGear","GB",1987,"164712",0,3553.28523002761,NA,NA,0.226049794048386,0.773950205951614,NA
"pelagic","GB",1987,"164712",0,24.40508387548,NA,NA,NA,NA,NA
"demersal","GB",1988,"164712",0,21288.4112386738,NA,NA,0.134780682859955,0.803654924032044,0.0615643931080011
"fixedGear","GB",1988,"164712",0,4283.43241442424,NA,NA,0.57880687484461,0.42119312515539,NA
"pelagic","GB",1988,"164712",0,20.74550063432,NA,NA,NA,NA,NA
"demersal","GB",1989,"164712",0,18859.4345299483,NA,NA,0.159948229666889,0.801417893946237,0.0386338763868745
"fixedGear","GB",1989,"164712",0,5292.07306700688,NA,NA,0.133496912313657,0.866503087686343,NA
"pelagic","GB",1989,"164712",0,121.39401879836,NA,NA,NA,NA,NA
"demersal","GB",1990,"164712",0,22915.3631552754,0.000122366359436552,0.000225934516364869,0.16853861819206,0.789967481986877,0.0411455989452619
"fixedGear","GB",1990,"164712",0,4465.41956996905,NA,NA,0.243673448868332,0.756326551131668,NA
"pelagic","GB",1990,"164712",0,91.24282677972,NA,NA,NA,NA,NA
"demersal","GB",1991,"164712",0,18593.6956256143,NA,NA,0.114269524454317,0.848907196796506,0.0368232787491773
"fixedGear","GB",1991,"164712",0,4807.21321416567,NA,NA,0.225297232046002,0.73862169575003,0.0360810722039687
"pelagic","GB",1991,"164712",0,104.0359459832,NA,NA,NA,NA,NA
"demersal","GB",1992,"164712",0,12315.4728300989,NA,0.000326462337268667,0.153187460835837,0.788285179454767,0.0582008973721272
"fixedGear","GB",1992,"164712",0,3988.84412817352,NA,NA,0.12244306658349,0.87755693341651,NA
"pelagic","GB",1992,"164712",0,27.77436799984,NA,NA,NA,NA,NA
"demersal","GB",1993,"164712",0,11193.1152095801,NA,NA,0.192381963528709,0.748891629258542,0.0587264072127495
"fixedGear","GB",1993,"164712",0,2889.80569139647,NA,NA,0.221634238784955,0.744560841919287,0.0338049192957586
"pelagic","GB",1993,"164712",0,5.35874025918,NA,NA,NA,NA,NA
"demersal","GB",1994,"164712",0,6823.3401267493,0.000179389511636954,5.80989661487368e-05,0.12755287423379,0.767897324357318,0.104312312931106
"fixedGear","GB",1994,"164712",0,2644.44124913815,NA,NA,0.26439493068587,0.73560506931413,NA
"demersal","GB",1995,"164712",0,3795.95624079287,NA,NA,0.148440618659321,0.721499728428865,0.130059652911814
"fixedGear","GB",1995,"164712",0,2957.27392769501,NA,NA,0.286141444398523,0.704188969672456,0.00966958592902034
"demersal","GB",1996,"164712",0,4098.56041140623,NA,0.000429875541452951,0.165618093355938,0.784145562240898,0.0498064688617112
"fixedGear","GB",1996,"164712",0,2955.74622859285,NA,NA,0.220468983017774,0.758225136834978,0.0213058801472486
"pelagic","GB",1996,"164712",0,0.50439471544,NA,NA,NA,NA,NA
"demersal","GB",1997,"164712",0,4442.30631716333,NA,NA,0.141860280559187,0.806627996124581,0.0515117233162324
"fixedGear","GB",1997,"164712",0,2976.7498232857,NA,NA,0.253700316239368,0.740662612284881,0.00563707147575069
"pelagic","GB",1997,"164712",0,2.81998376429,NA,NA,NA,NA,NA
"demersal","GB",1998,"164712",0,4019.64531805837,NA,NA,0.124531780824169,0.857686803055282,0.0177814161205493
"fixedGear","GB",1998,"164712",0,2874.50193842504,NA,0.00187485729272949,0.380607434659289,0.616386074731285,0.00113163331669635
"demersal","GB",1999,"164712",0,4733.6310063119,NA,NA,0.180446358179778,0.779567743675788,0.0399858981444342
"fixedGear","GB",1999,"164712",0,3467.00697173754,NA,NA,0.241869310675576,0.758130689324424,NA
"demersal","GB",2000,"164712",0,4493.82896728689,NA,0.000272418287981096,0.274065747035536,0.70886323339078,0.016798601285703
"fixedGear","GB",2000,"164712",0,2957.88809176399,NA,0.000745398874280873,0.214789203255646,0.783526877431924,0.000938520438148593
"pelagic","GB",2000,"164712",0,2.99869915807,NA,NA,NA,NA,NA
"demersal","GB",2001,"164712",0,7086.9680121933,NA,NA,0.130939467951548,0.825467224836509,0.0435933072119436
"fixedGear","GB",2001,"164712",0,3482.52890263894,NA,NA,0.345871345953074,0.642889580073039,0.011239073973887
"pelagic","GB",2001,"164712",0,0.42048012699,NA,NA,NA,NA,NA
"demersal","GB",2002,"164712",0,6608.57139703222,NA,NA,0.083535068205025,0.834478226374215,0.0819867054207604
"fixedGear","GB",2002,"164712",0,2613.69811907666,NA,NA,0.161913471692542,0.818604311061701,0.0194822172457573
"demersal","GB",2003,"164712",0,5040.83006763336,NA,NA,0.0743976633408953,0.878891485238783,0.0467108514203221
"fixedGear","GB",2003,"164712",0,1629.77235395821,NA,NA,0.194888420333406,0.792247742878045,0.012863836788549
"demersal","GB",2004,"164712",0,2728.95004359285,NA,NA,0.0650756803721544,0.843039118486784,0.091885201141062
"fixedGear","GB",2004,"164712",0,615.52756764422,NA,NA,0.263840687511654,0.681849340188139,0.0543099723002075
"demersal","GB",2005,"164712",0,2029.89616256735,NA,NA,0.0629593868113109,0.861533073839013,0.0755075393496762
"fixedGear","GB",2005,"164712",0,404.27463238701,NA,NA,0.0271179979432985,0.972882002056702,NA
"demersal","GB",2006,"164712",0,2115.07899528387,NA,NA,0.115443138897782,0.805329578994329,0.0792272821078886
"fixedGear","GB",2006,"164712",0,421.7138982364,NA,NA,0.062051821291019,0.911672821573309,0.0262753571356718
"pelagic","GB",2006,"164712",0,0.35607001045,NA,NA,NA,NA,NA
"demersal","GB",2007,"164712",0,2849.76301056524,NA,NA,0.122058463346938,0.853106408985733,0.0248351276673297
"fixedGear","GB",2007,"164712",0,689.87044990248,NA,NA,0.0580495765358378,0.941950423464162,NA
"demersal","GB",2008,"164712",0,2473.72631758021,NA,NA,0.159200152943116,0.814681264033082,0.0261185830238011
"fixedGear","GB",2008,"164712",0,661.82710162723,NA,NA,0.112704209602879,0.870688484153149,0.0166073062439714
"pelagic","GB",2008,"164712",0,3.58973001618,NA,NA,NA,NA,NA
"demersal","GB",2009,"164712",0,2248.99170990186,NA,NA,0.146451184078263,0.837186852238619,0.0163619636831187
"fixedGear","GB",2009,"164712",0,584.49867438963,NA,NA,0.0523881340501159,0.942994088510518,0.00461777743936663
"demersal","GB",2010,"164712",0,2188.08332645826,NA,NA,0.18691704609904,0.803104998537105,0.0099779553638552
"fixedGear","GB",2010,"164712",0,358.74439106352,NA,NA,0.0174135555733889,0.961197192365286,0.0213892520613247
"demersal","GB",2011,"164712",0,2920.72345452041,NA,NA,0.124535533401228,0.798702708311347,0.0767617582874252
"fixedGear","GB",2011,"164712",0,296.39857339939,NA,NA,0.135749311653536,0.864250688346464,NA
"demersal","GB",2012,"164712",0,1801.56320661779,NA,NA,0.123026790258605,0.844422235696404,0.0325509740449909
"fixedGear","GB",2012,"164712",0,107.36803553322,NA,NA,0.0452287456784342,0.954771254321566,NA
"demersal","GB",2013,"164712",0,1136.12142739403,NA,NA,0.218057588325615,0.771532967369356,0.0104094443050298
"fixedGear","GB",2013,"164712",0,85.71398938179,NA,NA,0.0216116719205404,0.958349609709055,0.0200387183704051
"demersal","GB",2014,"164712",0,1365.23184066577,NA,NA,0.203299422265963,0.780097890611556,0.0166026871224804
"fixedGear","GB",2014,"164712",0,76.87165972101,NA,NA,0.0852117736899099,0.903676046618139,0.0111121796919506
"demersal","GB",2015,"164712",0,1072.93328869881,NA,NA,0.154542272943951,0.837771132548944,0.00768659450710473
"fixedGear","GB",2015,"164712",0,171.91060104526,NA,NA,0.00852708874948066,0.989682644175472,0.00179026707504739
"demersal","GB",2016,"164712",0,814.51854036322,NA,NA,0.104335532241159,0.888640357561227,0.00702411019761443
"fixedGear","GB",2016,"164712",0,115.84930566748,NA,NA,0.0254086779590229,0.971932111395964,0.00265921064501308
"demersal","GB",2017,"164712",0,361.97805106925,NA,NA,0.0407013710410943,0.954854838887216,0.00444379007168965
"fixedGear","GB",2017,"164712",0,54.21517443188,NA,NA,NA,NA,NA
"demersal","GB",2018,"164712",0,502.64883840787,NA,NA,0.0512671916392339,0.937825434018915,0.0109073743418509
"fixedGear","GB",2018,"164712",0,32.82103670846,NA,NA,NA,NA,NA
"demersal","GB",2019,"164712",0,626.89413884405,NA,NA,0.113368945409284,0.881123412272322,0.00550764231839353
"fixedGear","GB",2019,"164712",0,24.70445483968,NA,NA,NA,NA,NA
"demersal","GB",1964,"161722",0,125876,NA,NA,NA,NA,NA
"fixedGear","GB",1964,"161722",0,144,NA,NA,NA,NA,NA
"pelagic","GB",1964,"161722",0,5179,NA,NA,NA,NA,NA
"demersal","GB",1965,"161722",0,40482,NA,NA,NA,NA,NA
"fixedGear","GB",1965,"161722",0,374,NA,NA,NA,NA,NA
"demersal","GB",1966,"161722",0,136559,NA,NA,NA,NA,NA
"fixedGear","GB",1966,"161722",0,366,NA,NA,NA,NA,NA
"pelagic","GB",1966,"161722",0,124,NA,NA,NA,NA,NA
"demersal","GB",1967,"161722",0,183956,NA,NA,NA,NA,NA
"fixedGear","GB",1967,"161722",0,134,NA,NA,NA,NA,NA
"pelagic","GB",1967,"161722",0,30047,NA,NA,NA,NA,NA
"demersal","GB",1968,"161722",0,188076,NA,NA,NA,NA,NA
"pelagic","GB",1968,"161722",0,156210,NA,NA,NA,NA,NA
"demersal","GB",1969,"161722",0,89697,NA,NA,NA,NA,NA
"pelagic","GB",1969,"161722",0,166874,NA,NA,NA,NA,NA
"demersal","GB",1970,"161722",0,97685,NA,NA,NA,NA,NA
"fixedGear","GB",1970,"161722",0,2,NA,NA,NA,NA,NA
"pelagic","GB",1970,"161722",0,109847,NA,NA,NA,NA,NA
"demersal","GB",1971,"161722",0,131441,NA,NA,NA,NA,NA
"fixedGear","GB",1971,"161722",0,36,NA,NA,NA,NA,NA
"pelagic","GB",1971,"161722",0,95201,NA,NA,NA,NA,NA
"demersal","GB",1972,"161722",0,69381,NA,NA,NA,NA,NA
"fixedGear","GB",1972,"161722",0,2,NA,NA,NA,NA,NA
"pelagic","GB",1972,"161722",0,89184,NA,NA,NA,NA,NA
"demersal","GB",1973,"161722",0,65588,NA,NA,NA,NA,NA
"fixedGear","GB",1973,"161722",0,2,NA,NA,NA,NA,NA
"pelagic","GB",1973,"161722",0,123619,NA,NA,NA,NA,NA
"demersal","GB",1974,"161722",0,50207,NA,NA,NA,NA,1
"pelagic","GB",1974,"161722",0,88131,NA,NA,NA,NA,1
"demersal","GB",1975,"161722",0,3638,NA,NA,NA,NA,NA
"fixedGear","GB",1975,"161722",0,96,NA,NA,NA,NA,NA
"pelagic","GB",1975,"161722",0,140250,NA,NA,NA,NA,1
"demersal","GB",1976,"161722",0,2336,NA,NA,NA,NA,NA
"fixedGear","GB",1976,"161722",0,4,NA,NA,NA,NA,NA
"pelagic","GB",1976,"161722",0,40770,NA,NA,NA,NA,NA
"demersal","GB",1977,"161722",0,1407,NA,NA,NA,NA,NA
"fixedGear","GB",1977,"161722",0,3,NA,NA,NA,NA,NA
"pelagic","GB",1977,"161722",0,115,NA,NA,NA,NA,NA
"demersal","GB",1978,"161722",0,380,NA,NA,NA,NA,NA
"fixedGear","GB",1978,"161722",0,6,NA,NA,NA,NA,NA
"pelagic","GB",1978,"161722",0,1602,NA,NA,NA,0.00741323050921524,0.992586769490785
"demersal","GB",1979,"161722",0,354,NA,NA,NA,NA,NA
"fixedGear","GB",1979,"161722",0,93,NA,NA,NA,NA,NA
"pelagic","GB",1979,"161722",0,679,NA,NA,NA,NA,NA
"demersal","GB",1980,"161722",0,484,NA,NA,NA,NA,NA
"fixedGear","GB",1980,"161722",0,44,NA,NA,NA,NA,NA
"pelagic","GB",1980,"161722",0,1112,NA,NA,0.000229541006994745,0.0417408712060576,0.958029587786948
"demersal","GB",1981,"161722",0,273,NA,NA,NA,NA,NA
"fixedGear","GB",1981,"161722",0,10,NA,NA,NA,NA,NA
"pelagic","GB",1981,"161722",0,451,NA,NA,NA,NA,NA
"demersal","GB",1982,"161722",0,8,NA,NA,NA,NA,NA
"fixedGear","GB",1982,"161722",0,7,NA,NA,NA,NA,NA
"demersal","GB",1983,"161722",0,14,NA,NA,NA,NA,NA
"demersal","GB",1984,"161722",0,10,NA,NA,NA,NA,NA
"fixedGear","GB",1984,"161722",0,7,NA,NA,NA,NA,NA
"demersal","GB",1985,"161722",0,8,NA,NA,NA,NA,NA
"pelagic","GB",1985,"161722",0,158,NA,NA,NA,NA,NA
"demersal","GB",1986,"161722",0,4,NA,NA,NA,NA,NA
"demersal","GB",1987,"161722",0,28,NA,NA,NA,NA,NA
"demersal","GB",1988,"161722",0,13,NA,NA,NA,NA,NA
"fixedGear","GB",1988,"161722",0,1,NA,NA,NA,NA,NA
"demersal","GB",1989,"161722",0,47,NA,NA,NA,NA,NA
"demersal","GB",1990,"161722",0,137,NA,NA,NA,NA,NA
"demersal","GB",1991,"161722",0,800,NA,NA,NA,NA,NA
"fixedGear","GB",1991,"161722",0,1,NA,NA,NA,NA,NA
"demersal","GB",1992,"161722",0,117.1,NA,NA,NA,NA,NA
"pelagic","GB",1992,"161722",0,0.2,NA,NA,NA,NA,NA
"demersal","GB",1993,"161722",0,135.79,NA,NA,NA,NA,NA
"demersal","GB",1994,"161722",0,3,NA,NA,NA,NA,NA
"demersal","GB",1995,"161722",0,16,NA,NA,NA,NA,NA
"demersal","GB",1996,"161722",0,663.86,NA,NA,NA,NA,NA
"fixedGear","GB",1996,"161722",0,0.09,NA,NA,NA,NA,NA
"pelagic","GB",1996,"161722",0,11486.19,NA,NA,NA,NA,NA
"demersal","GB",1997,"161722",0,184.94,NA,NA,NA,0.0265571154127402,0.97344288458726
"fixedGear","GB",1997,"161722",0,0.15,NA,NA,NA,NA,NA
"pelagic","GB",1997,"161722",0,12985.55,NA,NA,NA,NA,NA
"demersal","GB",1998,"161722",0,2481.89,NA,NA,NA,0.0610383114440108,0.938961688555989
"fixedGear","GB",1998,"161722",0,0.44,NA,NA,NA,NA,NA
"pelagic","GB",1998,"161722",0,31372.04,NA,NA,NA,NA,NA
"demersal","GB",1999,"161722",0,1088.16,NA,NA,NA,NA,NA
"fixedGear","GB",1999,"161722",0,2.83,NA,NA,NA,NA,NA
"pelagic","GB",1999,"161722",0,10751.77,NA,NA,NA,NA,NA
"demersal","GB",2000,"161722",0,51.07,NA,NA,NA,NA,NA
"fixedGear","GB",2000,"161722",0,0.01,NA,NA,NA,NA,NA
"pelagic","GB",2000,"161722",0,19490.96,NA,NA,NA,NA,NA
"demersal","GB",2001,"161722",0,1266.13,NA,NA,NA,NA,NA
"fixedGear","GB",2001,"161722",0,10.06,NA,NA,NA,NA,NA
"pelagic","GB",2001,"161722",0,49823.6,NA,NA,NA,NA,NA
"demersal","GB",2002,"161722",0,13.52,NA,NA,NA,NA,NA
"fixedGear","GB",2002,"161722",0,11.43,NA,NA,NA,NA,NA
"pelagic","GB",2002,"161722",0,20550.88,NA,NA,NA,NA,NA
"demersal","GB",2003,"161722",0,124.79,NA,NA,NA,NA,NA
"fixedGear","GB",2003,"161722",0,0.7,NA,NA,NA,NA,NA
"pelagic","GB",2003,"161722",0,27586.83,NA,NA,NA,NA,NA
"demersal","GB",2004,"161722",0,36.48,NA,NA,NA,NA,NA
"fixedGear","GB",2004,"161722",0,4.49,NA,NA,NA,NA,NA
"pelagic","GB",2004,"161722",0,23610.5,NA,NA,NA,NA,NA
"demersal","GB",2005,"161722",0,37.17,NA,NA,NA,NA,NA
"fixedGear","GB",2005,"161722",0,0.01,NA,NA,NA,NA,NA
"pelagic","GB",2005,"161722",0,20097.47,NA,NA,NA,NA,NA
"demersal","GB",2006,"161722",0,676.35,NA,NA,NA,NA,NA
"fixedGear","GB",2006,"161722",0,0,NA,NA,NA,NA,NA
"pelagic","GB",2006,"161722",0,23719.92,NA,NA,NA,NA,NA
"demersal","GB",2007,"161722",0,353.56,NA,NA,NA,NA,NA
"pelagic","GB",2007,"161722",0,18109.64,NA,NA,NA,NA,NA
"demersal","GB",2008,"161722",0,300.98,NA,NA,NA,NA,NA
"fixedGear","GB",2008,"161722",0,0.01,NA,NA,NA,NA,NA
"pelagic","GB",2008,"161722",0,16901.12,NA,NA,NA,NA,NA
"demersal","GB",2009,"161722",0,1156.93,NA,NA,NA,NA,NA
"pelagic","GB",2009,"161722",0,32672.57,NA,NA,NA,NA,NA
"demersal","GB",2010,"161722",0,191.07,NA,NA,NA,NA,NA
"fixedGear","GB",2010,"161722",0,0.01,NA,NA,NA,NA,NA
"pelagic","GB",2010,"161722",0,23978.37,NA,NA,NA,NA,NA
"demersal","GB",2011,"161722",0,845.011,NA,NA,NA,NA,NA
"fixedGear","GB",2011,"161722",0,390.0766,NA,NA,NA,NA,NA
"pelagic","GB",2011,"161722",0,38563.8327,NA,NA,NA,NA,NA
"demersal","GB",2012,"161722",0,254.8832,NA,NA,NA,NA,NA
"fixedGear","GB",2012,"161722",0,0.0023,NA,NA,NA,NA,NA
"pelagic","GB",2012,"161722",0,43764.2469,NA,NA,NA,NA,NA
"demersal","GB",2013,"161722",0,410.478,NA,NA,NA,NA,NA
"fixedGear","GB",2013,"161722",0,0.0291,NA,NA,NA,NA,NA
"pelagic","GB",2013,"161722",0,43250.9205,NA,NA,NA,NA,NA
"demersal","GB",2014,"161722",0,307.2629,NA,NA,NA,NA,NA
"fixedGear","GB",2014,"161722",0,0.0045,NA,NA,NA,NA,NA
"pelagic","GB",2014,"161722",0,41174.7486,NA,NA,NA,NA,NA
"demersal","GB",2015,"161722",0,432.4808,NA,NA,NA,NA,NA
"fixedGear","GB",2015,"161722",0,0.0087,NA,NA,NA,NA,NA
"pelagic","GB",2015,"161722",0,37911.6704,NA,NA,NA,NA,NA
"demersal","GB",2016,"161722",0,185.4488,NA,NA,NA,NA,NA
"pelagic","GB",2016,"161722",0,23012.3444,NA,NA,NA,NA,NA
"demersal","GB",2017,"161722",0,110.4745,NA,NA,NA,NA,NA
"fixedGear","GB",2017,"161722",0,0.1356,NA,NA,NA,NA,NA
"pelagic","GB",2017,"161722",0,15238.2487,NA,NA,NA,NA,NA
"demersal","GB",2018,"161722",0,13.5706,NA,NA,NA,NA,NA
"fixedGear","GB",2018,"161722",0,90.7519,NA,NA,NA,NA,NA
"pelagic","GB",2018,"161722",0,11860.7371,NA,NA,NA,NA,NA
"demersal","GB",2019,"161722",0,215.947,NA,NA,NA,NA,NA
"fixedGear","GB",2019,"161722",0,0.0613,NA,NA,NA,NA,NA
"pelagic","GB",2019,"161722",0,3135.8275,NA,NA,NA,NA,NA
"demersal","GB",1964,"172414",0,4.90061196548,NA,NA,NA,NA,NA
"fixedGear","GB",1964,"172414",0,26.72248729381,NA,NA,NA,NA,NA
"pelagic","GB",1964,"172414",0,2.358680324,NA,NA,NA,NA,NA
"demersal","GB",1965,"172414",0,8.17328091503,NA,NA,NA,NA,NA
"fixedGear","GB",1965,"172414",0,61.55792771744,NA,NA,NA,NA,NA
"pelagic","GB",1965,"172414",0,64.84329725335,NA,NA,NA,NA,NA
"demersal","GB",1966,"172414",0,6.41606407365,NA,NA,NA,NA,NA
"fixedGear","GB",1966,"172414",0,26.93975803904,NA,NA,NA,NA,NA
"pelagic","GB",1966,"172414",0,6.667807839,NA,NA,NA,NA,NA
"demersal","GB",1967,"172414",0,13.84772146373,NA,NA,NA,NA,NA
"fixedGear","GB",1967,"172414",0,53.09117253902,NA,NA,NA,NA,NA
"demersal","GB",1968,"172414",0,22.22103661393,NA,NA,NA,NA,NA
"fixedGear","GB",1968,"172414",0,141.78662456882,NA,NA,NA,NA,NA
"demersal","GB",1969,"172414",0,22.28907546943,NA,NA,NA,NA,NA
"fixedGear","GB",1969,"172414",0,74.04623284828,NA,NA,NA,NA,NA
"demersal","GB",1970,"172414",0,44.9328601722,NA,NA,NA,NA,NA
"fixedGear","GB",1970,"172414",0,72.6473539792,NA,NA,NA,NA,NA
"demersal","GB",1971,"172414",0,65.57312737668,NA,NA,NA,NA,NA
"fixedGear","GB",1971,"172414",0,55.74060557219,NA,NA,NA,NA,NA
"demersal","GB",1972,"172414",0,17.93640308691,NA,NA,NA,NA,NA
"fixedGear","GB",1972,"172414",0,65.85072590712,NA,NA,NA,NA,NA
"demersal","GB",1973,"172414",0,134.3722036888,NA,NA,0.0211732327273118,0.978826767272688,NA
"fixedGear","GB",1973,"172414",0,78.21157158199,NA,NA,0.0122185362132093,0.947407495439978,0.040373968346813
"pelagic","GB",1973,"172414",0,0.25446531957,NA,NA,NA,NA,NA
"demersal","GB",1974,"172414",0,35.08809137372,NA,NA,NA,NA,NA
"fixedGear","GB",1974,"172414",0,101.57520737595,NA,NA,NA,NA,NA
"pelagic","GB",1974,"172414",0,0.96206941677,NA,NA,NA,NA,NA
"demersal","GB",1975,"172414",0,74.94026340955,NA,NA,0.032393713498962,0.967606286501038,NA
"fixedGear","GB",1975,"172414",0,0.00317514659,NA,NA,NA,NA,NA
"demersal","GB",1976,"172414",0,16.97025133881,NA,NA,0.147736226995255,0.852263773004745,NA
"fixedGear","GB",1976,"172414",0,104.55485565448,NA,NA,NA,NA,NA
"pelagic","GB",1976,"172414",0,9.38800128189,NA,NA,NA,NA,NA
"demersal","GB",1977,"172414",0,27.65416602179,NA,NA,0.255329334494657,0.732632044879637,0.0120386206257061
"fixedGear","GB",1977,"172414",0,3.13976638514,NA,NA,NA,NA,NA
"demersal","GB",1978,"172414",0,61.76340506105,NA,NA,0.0129529284645998,0.970619725708615,0.0164273458267853
"fixedGear","GB",1978,"172414",0,211.00345945371,NA,NA,NA,NA,NA
"demersal","GB",1979,"172414",0,109.84419628105,NA,NA,NA,NA,NA
"fixedGear","GB",1979,"172414",0,112.57845108741,NA,NA,NA,NA,NA
"demersal","GB",1980,"172414",0,116.79141701997,NA,NA,NA,NA,NA
"fixedGear","GB",1980,"172414",0,128.91004436926,NA,NA,NA,NA,NA
"pelagic","GB",1980,"172414",0,0.16556121505,NA,NA,NA,NA,NA
"demersal","GB",1981,"172414",0,129.27473263474,NA,0.000806850210972391,0.00134604738342989,0.803199783687953,0.194647318717645
"fixedGear","GB",1981,"172414",0,213.83478302725,NA,NA,NA,NA,NA
"demersal","GB",1982,"172414",0,166.83399524022,NA,NA,0.00862544309690561,0.610877638840024,0.380496918063071
"fixedGear","GB",1982,"172414",0,256.91381118326,NA,NA,NA,NA,NA
"demersal","GB",1983,"172414",0,149.39609016794,NA,NA,0.139047782348292,0.596699337516755,0.264252880134953
"fixedGear","GB",1983,"172414",0,327.67648886511,NA,NA,NA,NA,NA
"pelagic","GB",1983,"172414",0,0.19549831147,NA,NA,NA,NA,NA
"demersal","GB",1984,"172414",0,186.66323928714,NA,0.00417234426312958,0.400256532521002,0.545189705552281,0.0503814176635873
"fixedGear","GB",1984,"172414",0,269.96547803764,NA,NA,NA,NA,NA
"demersal","GB",1985,"172414",0,402.42669707163,NA,NA,0.189306234402816,0.810693765597184,NA
"fixedGear","GB",1985,"172414",0,159.83824011771,NA,NA,NA,NA,NA
"pelagic","GB",1985,"172414",0,31.5337415624,NA,NA,NA,NA,NA
"demersal","GB",1986,"172414",0,513.02385668688,NA,NA,NA,0.87737796151274,0.12262203848726
"fixedGear","GB",1986,"172414",0,108.54737569522,NA,NA,NA,NA,NA
"pelagic","GB",1986,"172414",0,1.06322051528,NA,NA,NA,NA,NA
"demersal","GB",1987,"172414",0,170.79068148373,NA,NA,0.740922032953586,0.259077967046414,NA
"fixedGear","GB",1987,"172414",0,141.39063842981,NA,NA,NA,NA,NA
"pelagic","GB",1987,"172414",0,0.045359237,NA,NA,NA,NA,NA
"demersal","GB",1988,"172414",0,828.42386805794,NA,NA,0.00254849772958432,0.918166516655468,0.0792849856149473
"fixedGear","GB",1988,"172414",0,96.17337584162,NA,NA,NA,NA,NA
"pelagic","GB",1988,"172414",0,0.0635029318,NA,NA,NA,NA,NA
"demersal","GB",1989,"172414",0,1944.95101225271,NA,NA,0.0823316903621177,0.900209470581457,0.0174588390564255
"fixedGear","GB",1989,"172414",0,193.366427331,NA,NA,NA,0.811172916091089,0.188827083908911
"pelagic","GB",1989,"172414",0,0.2494758035,NA,NA,NA,NA,NA
"demersal","GB",1990,"172414",0,1588.4305845793,NA,NA,0.220740799368802,0.715420339899978,0.0638388607312202
"fixedGear","GB",1990,"172414",0,150.63984044648,NA,NA,0.0020339471016617,0.807408251585965,0.190557801312374
"pelagic","GB",1990,"172414",0,0.0861825503,NA,NA,NA,NA,NA
"demersal","GB",1991,"172414",0,2846.7094267304,1.16945431481506e-08,NA,0.0102161065277835,0.965079528290537,0.0247043534871366
"fixedGear","GB",1991,"172414",0,92.13867171047,NA,NA,NA,0.917921386243878,0.0820786137561215
"pelagic","GB",1991,"172414",0,528.92272284775,NA,NA,NA,NA,NA
"demersal","GB",1992,"172414",0,4623.77819177582,NA,NA,0.0234665067431221,0.949389686241007,0.0271438070158708
"fixedGear","GB",1992,"172414",0,126.23203501678,NA,NA,NA,0.932116654495507,0.0678833455044929
"pelagic","GB",1992,"172414",0,1.2156275516,NA,NA,NA,NA,NA
"demersal","GB",1993,"172414",0,1639.97546072899,NA,NA,NA,NA,NA
"fixedGear","GB",1993,"172414",0,104.25321672843,NA,NA,NA,NA,NA
"demersal","GB",1994,"172414",0,1646.85101387345,NA,NA,NA,NA,NA
"fixedGear","GB",1994,"172414",0,26.73201273358,NA,NA,NA,NA,NA
"pelagic","GB",1994,"172414",0,88.02005299087,NA,NA,NA,NA,NA
"demersal","GB",1995,"172414",0,2779.66439211307,NA,NA,NA,NA,1
"fixedGear","GB",1995,"172414",0,20.31458788282,NA,NA,NA,NA,NA
"pelagic","GB",1995,"172414",0,181.03461156781,NA,NA,NA,NA,NA
"demersal","GB",1996,"172414",0,2148.78453711383,NA,NA,0.916299719501296,0.0837002804987045,NA
"fixedGear","GB",1996,"172414",0,220.56654739042,NA,NA,NA,NA,NA
"pelagic","GB",1996,"172414",0,1022.63896671321,NA,NA,NA,NA,NA
"demersal","GB",1997,"172414",0,1774.81713252074,NA,NA,0.00300102556118047,0.98285189504495,0.0141470793938697
"fixedGear","GB",1997,"172414",0,379.30029008718,NA,NA,NA,0.944399801097172,0.0556001989028276
"pelagic","GB",1997,"172414",0,94.79490862919,NA,NA,NA,NA,NA
"demersal","GB",1998,"172414",0,942.91375739253,NA,NA,0.149311613727219,0.850688386272781,NA
"fixedGear","GB",1998,"172414",0,237.28187981729,NA,NA,NA,NA,NA
"pelagic","GB",1998,"172414",0,16.374684557,NA,NA,NA,NA,NA
"demersal","GB",1999,"172414",0,1002.70811797541,NA,NA,0.256229996831793,0.743770003168207,NA
"fixedGear","GB",1999,"172414",0,280.02706398898,NA,NA,NA,1,NA
"pelagic","GB",1999,"172414",0,6.3276135615,NA,NA,NA,NA,NA
"demersal","GB",2000,"172414",0,297.50806033641,NA,NA,0.577818982659991,0.422181017340009,NA
"fixedGear","GB",2000,"172414",0,150.98003472398,NA,NA,NA,0.954548970682539,0.0454510293174613
"pelagic","GB",2000,"172414",0,50.13329669425,NA,NA,NA,NA,NA
"demersal","GB",2001,"172414",0,98.13153410291,NA,NA,0.110242315481267,0.865277908840464,0.0244797756782686
"fixedGear","GB",2001,"172414",0,116.46120177461,NA,NA,0.0498709283119786,0.934118765984832,0.0160103057031898
"demersal","GB",2002,"172414",0,1109.46289662439,NA,NA,0.739942803417683,0.260057196582317,NA
"fixedGear","GB",2002,"172414",0,125.3593232969,NA,NA,NA,NA,NA
"pelagic","GB",2002,"172414",0,1126.36102677637,NA,NA,NA,NA,NA
"demersal","GB",2003,"172414",0,329.21915651548,NA,0.0478615124198107,0.474392539746083,0.477745947834106,NA
"fixedGear","GB",2003,"172414",0,24.70853717101,NA,NA,NA,NA,NA
"pelagic","GB",2003,"172414",0,541.11846089994,NA,NA,NA,NA,NA
"demersal","GB",2004,"172414",0,371.41912265843,NA,NA,NA,NA,NA
"fixedGear","GB",2004,"172414",0,3607.18152902338,NA,NA,NA,NA,NA
"pelagic","GB",2004,"172414",0,2022.76070099488,NA,NA,NA,NA,NA
"demersal","GB",2005,"172414",0,234.18565829967,NA,0.0021475523632201,0.829899455273669,0.167952992363111,NA
"fixedGear","GB",2005,"172414",0,28.42345868131,NA,NA,NA,NA,NA
"pelagic","GB",2005,"172414",0,1425.20491664243,NA,NA,NA,NA,NA
"demersal","GB",2006,"172414",0,463.79094084708,NA,NA,0.273245026199939,0.726754973800061,NA
"fixedGear","GB",2006,"172414",0,7.54823062917,NA,NA,NA,NA,NA
"pelagic","GB",2006,"172414",0,5774.59465118074,NA,NA,0.342934948271197,0.657065051728803,NA
"demersal","GB",2007,"172414",0,571.07279383,NA,NA,0.50044961184598,0.49955038815402,NA
"fixedGear","GB",2007,"172414",0,519.11650940072,NA,NA,NA,NA,NA
"pelagic","GB",2007,"172414",0,8721.75981931793,NA,NA,0.369887141944287,0.626766857440114,0.00334600061559957
"demersal","GB",2008,"172414",0,802.17855993737,NA,NA,0.540382116656445,0.459617883343555,NA
"fixedGear","GB",2008,"172414",0,1.56126493754,NA,NA,NA,NA,NA
"pelagic","GB",2008,"172414",0,3499.11858997932,NA,NA,0.324390219460928,0.67229961709287,0.00331016344620193
"demersal","GB",2009,"172414",0,350.47767012027,NA,NA,0.281439370736786,0.718560629263214,NA
"fixedGear","GB",2009,"172414",0,0.47400402665,NA,NA,NA,NA,NA
"pelagic","GB",2009,"172414",0,638.71566319099,NA,NA,NA,NA,NA
"demersal","GB",2010,"172414",0,107.7826189594,NA,NA,0.699972853138164,0.300027146861836,NA
"fixedGear","GB",2010,"172414",0,0.36468826548,NA,NA,NA,NA,NA
"pelagic","GB",2010,"172414",0,88.56799257383,NA,NA,NA,NA,NA
"demersal","GB",2011,"172414",0,116.08653447699,NA,0.0178767206214926,0.442307124180218,0.53981615519829,NA
"fixedGear","GB",2011,"172414",0,0.41367624144,NA,NA,NA,NA,NA
"pelagic","GB",2011,"172414",0,84.82177319,NA,NA,NA,NA,NA
"demersal","GB",2012,"172414",0,64.10122013603,NA,0.00169294950155848,0.793256856382944,0.205050194115497,NA
"fixedGear","GB",2012,"172414",0,0.48806539012,NA,NA,NA,NA,NA
"pelagic","GB",2012,"172414",0,161.00215813913,NA,NA,NA,NA,NA
"demersal","GB",2013,"172414",0,76.73286045579,NA,NA,0.832816538298279,0.167183461701722,NA
"fixedGear","GB",2013,"172414",0,12.50463445616,NA,NA,0.22211691140093,0.77788308859907,NA
"pelagic","GB",2013,"172414",0,3455.38139929444,NA,NA,NA,NA,NA
"demersal","GB",2014,"172414",0,287.54807907595,NA,NA,0.7907074669947,0.2092925330053,NA
"fixedGear","GB",2014,"172414",0,51.54941207339,NA,NA,NA,NA,NA
"pelagic","GB",2014,"172414",0,3394.85267266453,NA,NA,NA,NA,NA
"demersal","GB",2015,"172414",0,819.28171384059,NA,NA,0.781430564625801,0.218569435374199,NA
"fixedGear","GB",2015,"172414",0,202.22644709421,NA,NA,NA,NA,NA
"pelagic","GB",2015,"172414",0,758.89995113856,NA,0.0603029926741305,0.815525026353084,0.124171980972786,NA
"demersal","GB",2016,"172414",0,66.93889400275,NA,NA,0.554651586995794,0.445348413004206,NA
"fixedGear","GB",2016,"172414",0,549.29899929289,NA,NA,0.464060676108716,0.535939323891284,NA
"pelagic","GB",2016,"172414",0,854.6950309436,NA,0.00894388555712376,0.772704405615515,0.218351708827361,NA
"demersal","GB",2017,"172414",0,100.05521934408,NA,NA,0.796734865508057,0.203265134491943,NA
"fixedGear","GB",2017,"172414",0,338.38716549792,NA,NA,NA,NA,NA
"pelagic","GB",2017,"172414",0,1781.71944761503,NA,NA,0.88222405901546,0.11777594098454,NA
"demersal","GB",2018,"172414",0,132.03892453752,NA,0.000228726404248187,0.692748184293927,0.307023089301825,NA
"fixedGear","GB",2018,"172414",0,17.1866148993,NA,NA,NA,NA,NA
"pelagic","GB",2018,"172414",0,1516.20371072709,NA,NA,0.668339479511706,0.331660520488293,NA
"demersal","GB",2019,"172414",0,86.61709179046,NA,NA,0.655736536834137,0.344263463165863,NA
"fixedGear","GB",2019,"172414",0,223.22278430914,NA,0.000843428242361775,0.720681942830045,0.278474628927593,NA
"demersal","GB",1964,"164499",0,1.95407592996,NA,NA,NA,NA,NA
"demersal","GB",1965,"164499",0,2.08743208674,NA,NA,NA,NA,NA
"demersal","GB",1966,"164499",0,63.00806252433,NA,NA,NA,NA,NA
"fixedGear","GB",1966,"164499",0,0.05261671492,NA,NA,NA,NA,NA
"demersal","GB",1967,"164499",0,171.53275860105,NA,NA,NA,NA,NA
"demersal","GB",1968,"164499",0,110.78131811747,NA,NA,NA,NA,NA
"demersal","GB",1969,"164499",0,26.45078546418,NA,NA,NA,NA,NA
"demersal","GB",1970,"164499",0,53.34972018992,NA,NA,NA,NA,NA
"demersal","GB",1971,"164499",0,96.45233514917,NA,NA,NA,NA,NA
"demersal","GB",1972,"164499",0,97.3091711361,NA,NA,NA,NA,NA
"demersal","GB",1973,"164499",0,113.3799488052,NA,NA,NA,NA,NA
"fixedGear","GB",1973,"164499",0,0.33883350039,NA,NA,NA,NA,NA
"pelagic","GB",1973,"164499",0,0.18052976326,NA,NA,NA,NA,NA
"demersal","GB",1974,"164499",0,236.44137315568,NA,NA,NA,NA,NA
"fixedGear","GB",1974,"164499",0,2.95787584477,NA,NA,NA,NA,NA
"pelagic","GB",1974,"164499",0,0.01678291769,NA,NA,NA,NA,NA
"demersal","GB",1975,"164499",0,599.07894753091,NA,NA,NA,NA,NA
"fixedGear","GB",1975,"164499",0,0.05261671492,NA,NA,NA,NA,NA
"pelagic","GB",1975,"164499",0,0.00589670081,NA,NA,NA,NA,NA
"demersal","GB",1976,"164499",0,1000.13987797647,NA,NA,NA,NA,NA
"fixedGear","GB",1976,"164499",0,0.33928709276,NA,NA,NA,NA,NA
"demersal","GB",1977,"164499",0,1911.6559715176,NA,NA,NA,NA,NA
"fixedGear","GB",1977,"164499",0,9.22516162106,NA,NA,NA,NA,NA
"demersal","GB",1978,"164499",0,2329.10020477519,NA,NA,NA,NA,NA
"fixedGear","GB",1978,"164499",0,21.71301315953,NA,NA,NA,NA,NA
"demersal","GB",1979,"164499",0,3186.66057872008,NA,NA,NA,NA,NA
"fixedGear","GB",1979,"164499",0,51.31263685625,NA,NA,NA,NA,NA
"demersal","GB",1980,"164499",0,3007.83360121706,NA,NA,NA,NA,NA
"fixedGear","GB",1980,"164499",0,116.03709290866,NA,NA,NA,NA,NA
"demersal","GB",1981,"164499",0,2453.76507815362,NA,NA,NA,NA,NA
"fixedGear","GB",1981,"164499",0,107.21517490453,NA,NA,NA,NA,NA
"demersal","GB",1982,"164499",0,3156.89448662357,NA,NA,NA,NA,NA
"fixedGear","GB",1982,"164499",0,79.51292809152,NA,NA,NA,NA,NA
"pelagic","GB",1982,"164499",0,0.31615388189,NA,NA,NA,NA,NA
"demersal","GB",1983,"164499",0,2527.16131313569,NA,NA,NA,NA,NA
"fixedGear","GB",1983,"164499",0,42.24078945625,NA,NA,NA,NA,NA
"pelagic","GB",1983,"164499",0,0.19186957251,NA,NA,NA,NA,NA
"demersal","GB",1984,"164499",0,2605.26447614125,NA,NA,NA,NA,NA
"fixedGear","GB",1984,"164499",0,47.15909152416,NA,NA,NA,NA,NA
"pelagic","GB",1984,"164499",0,0.06032778521,NA,NA,NA,NA,NA
"demersal","GB",1985,"164499",0,2732.78380630409,NA,NA,NA,NA,NA
"fixedGear","GB",1985,"164499",0,51.07858319333,NA,NA,NA,NA,NA
"pelagic","GB",1985,"164499",0,1.20474133472,NA,NA,NA,NA,NA
"demersal","GB",1986,"164499",0,3391.43031823288,NA,NA,NA,NA,NA
"fixedGear","GB",1986,"164499",0,51.30991530203,NA,NA,NA,NA,NA
"pelagic","GB",1986,"164499",0,0.58105182597,NA,NA,NA,NA,NA
"demersal","GB",1987,"164499",0,3150.78958691574,NA,NA,NA,NA,NA
"fixedGear","GB",1987,"164499",0,100.10602168952,NA,NA,NA,NA,NA
"pelagic","GB",1987,"164499",0,0.37557448236,NA,NA,NA,NA,NA
"demersal","GB",1988,"164499",0,4797.16523598543,NA,NA,NA,NA,NA
"fixedGear","GB",1988,"164499",0,93.69630790905,NA,NA,NA,NA,NA
"pelagic","GB",1988,"164499",0,0.9933672903,NA,NA,NA,NA,NA
"demersal","GB",1989,"164499",0,9579.82912390196,NA,NA,NA,NA,NA
"fixedGear","GB",1989,"164499",0,105.51828584836,NA,NA,NA,NA,NA
"pelagic","GB",1989,"164499",0,0.93258591272,NA,NA,NA,NA,NA
"demersal","GB",1990,"164499",0,8086.62390711098,NA,NA,NA,NA,NA
"fixedGear","GB",1990,"164499",0,117.00279106439,NA,NA,NA,NA,NA
"pelagic","GB",1990,"164499",0,0.272155422,NA,NA,NA,NA,NA
"demersal","GB",1991,"164499",0,8398.44189953615,NA,NA,NA,NA,NA
"fixedGear","GB",1991,"164499",0,321.73896474181,NA,NA,NA,NA,NA
"pelagic","GB",1991,"164499",0,1.34762293127,NA,NA,NA,NA,NA
"demersal","GB",1992,"164499",0,10585.8575380258,NA,NA,NA,NA,NA
"fixedGear","GB",1992,"164499",0,785.2455031729,NA,NA,NA,NA,NA
"demersal","GB",1993,"164499",0,11882.6463723899,NA,NA,NA,NA,NA
"fixedGear","GB",1993,"164499",0,813.26118231358,NA,NA,NA,NA,NA
"pelagic","GB",1993,"164499",0,0.02993709642,NA,NA,NA,NA,NA
"demersal","GB",1994,"164499",0,9826.65141203746,NA,NA,NA,NA,NA
"fixedGear","GB",1994,"164499",0,1559.38343638924,NA,NA,NA,NA,NA
"demersal","GB",1995,"164499",0,10245.2033178626,NA,NA,NA,NA,NA
"fixedGear","GB",1995,"164499",0,1827.31137750084,NA,NA,NA,NA,NA
"demersal","GB",1996,"164499",0,11016.146600017,NA,0.013800433232826,0.267488304209035,0.699796387261645,0.0189148752964942
"fixedGear","GB",1996,"164499",0,1485.53633059139,NA,NA,NA,NA,NA
"pelagic","GB",1996,"164499",0,3.43505501801,NA,NA,NA,NA,NA
"demersal","GB",1997,"164499",0,11283.2635179711,0.000100347512912341,0.0541232936596491,0.37504146172585,0.506282202550524,0.0644526945510644
"fixedGear","GB",1997,"164499",0,1083.76552808678,NA,NA,NA,NA,NA
"pelagic","GB",1997,"164499",0,3.12479783693,NA,NA,NA,NA,NA
"demersal","GB",1998,"164499",0,9861.04323912323,NA,0.0814046860144573,0.877997408946802,0.0405979050387403,NA
"fixedGear","GB",1998,"164499",0,1163.12332758776,NA,NA,0.881312269732482,0.118687730267518,NA
"demersal","GB",1999,"164499",0,9911.94718925411,NA,0.282182383166763,0.420058810106062,0.278544121466256,0.0192146852609194
"fixedGear","GB",1999,"164499",0,2187.16616268612,NA,NA,NA,NA,NA
"demersal","GB",2000,"164499",0,8221.00745060903,NA,0.128222626385782,0.307210915608191,0.544073017238109,0.0204934407679186
"fixedGear","GB",2000,"164499",0,2187.72861722492,NA,NA,0.0820946786515209,0.869866849099506,0.0480384722489732
"pelagic","GB",2000,"164499",0,0.4218409041,NA,NA,NA,NA,NA
"demersal","GB",2001,"164499",0,8020.01296039174,NA,0.180744423589996,0.225060271341382,0.539884042569579,0.0543112624990434
"fixedGear","GB",2001,"164499",0,2153.41435443442,NA,0.00252645037334386,0.0753640027466011,0.872513271824277,0.0495962750557777
"pelagic","GB",2001,"164499",0,1.70051779513,NA,NA,NA,NA,NA
"demersal","GB",2002,"164499",0,6968.79676718379,NA,0.240312697136646,0.340816710509174,0.377881411609273,0.0409891807449064
"fixedGear","GB",2002,"164499",0,2623.08249161959,NA,0.0100843086235966,0.146700783110338,0.804995332791911,0.0382195754741547
"demersal","GB",2003,"164499",0,7205.74298864728,7.98526785418305e-05,0.245723090674699,0.383945161052684,0.319885681773416,0.0503662138206591
"fixedGear","GB",2003,"164499",0,3338.22529400899,NA,0.0130776631635537,0.0712030134050113,0.905526680611412,0.0101926428200231
"demersal","GB",2004,"164499",0,5386.43797006931,NA,0.504969467716107,0.465211594721611,0.0298189375622813,NA
"fixedGear","GB",2004,"164499",0,2801.84505900607,NA,0.358538960778237,0.641461039221763,NA,NA
"demersal","GB",2005,"164499",0,5433.68369773614,NA,0.266363949644898,0.15737485394577,0.501247200116239,0.0750139962930939
"fixedGear","GB",2005,"164499",0,2371.53286380395,NA,NA,0.00973617403865968,0.969578343536513,0.0206854824248276
"pelagic","GB",2005,"164499",0,0.22588900026,NA,NA,NA,NA,NA
"demersal","GB",2006,"164499",0,4912.96464649221,NA,0.182101068682449,0.191528564796355,0.582905104321636,0.0434652621995595
"fixedGear","GB",2006,"164499",0,2028.34805180854,NA,NA,0.257087376219618,0.742912623780382,NA
"pelagic","GB",2006,"164499",0,3.28990545961,NA,NA,NA,NA,NA
"demersal","GB",2007,"164499",0,3321.30811297747,NA,0.277511591355574,0.244279261209654,0.439413045904163,0.0387961015306102
"fixedGear","GB",2007,"164499",0,1252.95548209678,1.94475667558839e-05,0.000902464456155393,0.160228341249174,0.775099630640149,0.0637501160877662
"demersal","GB",2008,"164499",0,2869.53691634302,NA,0.417912027123224,0.327404811497211,0.226658320039631,0.028024841339933
"fixedGear","GB",2008,"164499",0,1403.641588965,NA,0.0214717106243221,0.0602009373526297,0.890176696135011,0.0281506558880374
"pelagic","GB",2008,"164499",0,0.10251187562,NA,NA,NA,NA,NA
"demersal","GB",2009,"164499",0,2194.51980218856,NA,0.434378789631665,0.559081391594707,0.00653981877362749,NA
"fixedGear","GB",2009,"164499",0,1202.56817367533,NA,NA,NA,0.846561085687723,0.153438914312277
"demersal","GB",2010,"164499",0,1709.51752134317,NA,0.382232108446456,0.589146534124865,0.0286213574286791,NA
"fixedGear","GB",2010,"164499",0,1215.54182264207,NA,NA,0.011795787711424,0.948211285407745,0.0399929268808313
"demersal","GB",2011,"164499",0,2214.77905180224,NA,0.283444868546291,0.535404579402084,0.181150552051624,NA
"fixedGear","GB",2011,"164499",0,1555.21582969368,NA,NA,0.168593450050065,0.805811174622641,0.0255953753272939
"demersal","GB",2012,"164499",0,2942.11668505909,NA,0.365792755611982,0.372549203121395,0.186890464128016,0.0747675771386059
"fixedGear","GB",2012,"164499",0,1441.10287561856,NA,NA,0.126470544455933,0.864812000925036,0.00871745461903169
"demersal","GB",2013,"164499",0,2362.27096120092,NA,0.450245132264003,0.522278594759957,0.0274762729760399,NA
"fixedGear","GB",2013,"164499",0,1334.08682776446,NA,NA,0.101338992507654,0.88429948327054,0.0143615242218065
"demersal","GB",2014,"164499",0,2438.9752453374,NA,0.407080679641661,0.374142927162412,0.218776393195927,NA
"fixedGear","GB",2014,"164499",0,1235.07895320271,NA,NA,0.0423832801484688,0.936353017157864,0.0212637026936677
"demersal","GB",2015,"164499",0,2444.11308611239,NA,0.593612687974064,0.394939034371323,0.011448277654613,NA
"fixedGear","GB",2015,"164499",0,1523.3128639421,NA,0.00330893466407353,0.169506047300834,0.818242290940641,0.00894272709445182
"demersal","GB",2016,"164499",0,2654.99498281094,NA,0.496559543039244,0.490300278234029,0.0131401787267273,NA
"fixedGear","GB",2016,"164499",0,1420.88535650292,NA,0.00732680832697423,0.0846959650519164,0.901302803119642,0.00667442350146719
"demersal","GB",2017,"164499",0,3318.9852664507,NA,0.530448588722577,0.464348350056248,0.00520306122117447,NA
"fixedGear","GB",2017,"164499",0,1427.999499234,NA,NA,0.0634310659286486,0.858400222528308,0.0781687115430432
"demersal","GB",2018,"164499",0,2537.33901873375,NA,0.510578289609296,0.477320227416739,0.0121014829739651,NA
"fixedGear","GB",2018,"164499",0,1568.95015306491,NA,NA,NA,NA,NA
"pelagic","GB",2018,"164499",0,0.06758526313,NA,NA,NA,NA,NA
"demersal","GB",2019,"164499",0,1930.14394292643,NA,0.54941198444574,0.441586026996772,0.00900198855748714,NA
"fixedGear","GB",2019,"164499",0,1829.16520951703,NA,4.00280539259718e-05,0.0133803574395893,0.986579614506485,NA
"demersal","GB",1964,"164744",0,45613.7336174435,NA,NA,NA,NA,NA
"fixedGear","GB",1964,"164744",0,863.63669733341,NA,NA,NA,NA,NA
"demersal","GB",1965,"164744",0,52030.7924191609,NA,NA,NA,NA,NA
"fixedGear","GB",1965,"164744",0,793.98713532754,NA,NA,NA,NA,NA
"demersal","GB",1966,"164744",0,51680.2662146571,NA,NA,NA,NA,NA
"fixedGear","GB",1966,"164744",0,1233.6941356971,NA,NA,NA,NA,NA
"demersal","GB",1967,"164744",0,33793.9891669634,NA,NA,NA,NA,NA
"fixedGear","GB",1967,"164744",0,892.36043416366,NA,NA,NA,NA,NA
"demersal","GB",1968,"164744",0,24694.1505818107,NA,NA,NA,NA,NA
"fixedGear","GB",1968,"164744",0,515.33899214336,NA,NA,NA,NA,NA
"demersal","GB",1969,"164744",0,15487.9500290015,NA,NA,0.00117285528420839,0.530122237683568,0.468704907032224
"fixedGear","GB",1969,"164744",0,973.98800988412,NA,NA,NA,0.202284571775181,0.797715428224819
"demersal","GB",1970,"164744",0,7978.29833808469,NA,NA,0.000495706508364111,0.304424757075959,0.695079536415677
"fixedGear","GB",1970,"164744",0,432.00953785066,NA,NA,NA,NA,NA
"demersal","GB",1971,"164744",0,7003.42264793248,NA,NA,0.00667194732079783,0.255512850326779,0.737815202352423
"fixedGear","GB",1971,"164744",0,306.28597988065,NA,NA,NA,NA,NA
"demersal","GB",1972,"164744",0,3678.64954284058,NA,NA,0.00788470607200677,0.158463335318129,0.833651958609865
"fixedGear","GB",1972,"164744",0,201.94068390111,NA,NA,NA,NA,NA
"demersal","GB",1973,"164744",0,2674.4940116125,NA,NA,0.0331418763386347,0.25992744294123,0.706930680720135
"fixedGear","GB",1973,"164744",0,113.46068824706,NA,NA,NA,0.0297730045376777,0.970226995462322
"demersal","GB",1974,"164744",0,2309.55264159004,NA,NA,0.019906252753931,0.465193220135322,0.514900527110747
"fixedGear","GB",1974,"164744",0,97.30690317425,NA,NA,NA,NA,NA
"demersal","GB",1975,"164744",0,3838.27822328335,NA,NA,0.00588721766627523,0.57810224969318,0.416010532640545
"fixedGear","GB",1975,"164744",0,144.94045231743,NA,NA,NA,NA,NA
"demersal","GB",1976,"164744",0,2838.94165739415,NA,NA,0.00564179022673532,0.529094663387393,0.465263546385872
"fixedGear","GB",1976,"164744",0,54.1407852832,NA,NA,NA,NA,NA
"demersal","GB",1977,"164744",0,7867.81004063824,NA,NA,0.0121121727771603,0.504774838179012,0.483112989043828
"fixedGear","GB",1977,"164744",0,39.48158706954,NA,NA,NA,NA,NA
"demersal","GB",1978,"164744",0,12032.5051267752,NA,NA,0.00172290494868398,0.648069308929503,0.350207786121813
"fixedGear","GB",1978,"164744",0,82.87631551507,NA,NA,NA,NA,NA
"demersal","GB",1979,"164744",0,14177.0485752295,NA,NA,0.00201730172620206,0.622422206593788,0.37556049168001
"fixedGear","GB",1979,"164744",0,53.67766747343,NA,NA,NA,NA,NA
"demersal","GB",1980,"164744",0,17199.5971665218,NA,NA,0.0072757595831147,0.474746198814228,0.517978041602657
"fixedGear","GB",1980,"164744",0,187.03064910684,NA,NA,NA,NA,NA
"pelagic","GB",1980,"164744",0,0.10840857643,NA,NA,NA,NA,NA
"demersal","GB",1981,"164744",0,19050.2671903005,NA,NA,0.00592273109732402,0.512766271577791,0.481310997324885
"fixedGear","GB",1981,"164744",0,94.69920063912,NA,NA,NA,NA,NA
"demersal","GB",1982,"164744",0,12526.6636232014,NA,NA,0.00520251135345777,0.422537423383919,0.572260065262623
"fixedGear","GB",1982,"164744",0,84.03070809672,NA,NA,NA,NA,NA
"pelagic","GB",1982,"164744",0,0.07529633342,NA,NA,NA,NA,NA
"demersal","GB",1983,"164744",0,8595.12227272237,NA,NA,NA,0.300194239338873,0.699805760661127
"fixedGear","GB",1983,"164744",0,86.46150960755,NA,NA,NA,NA,NA
"demersal","GB",1984,"164744",0,8706.35990476406,NA,NA,0.000100111633938501,0.254917518333449,0.744982370032612
"fixedGear","GB",1984,"164744",0,99.382088267,NA,NA,NA,NA,NA
"demersal","GB",1985,"164744",0,4195.89135497609,NA,NA,0.000477951056318423,0.278325278447555,0.721196770496127
"fixedGear","GB",1985,"164744",0,74.00178079602,NA,NA,NA,NA,NA
"pelagic","GB",1985,"164744",0,0.00272155422,NA,NA,NA,NA,NA
"demersal","GB",1986,"164744",0,3299.95525215972,NA,NA,NA,0.201856469683051,0.798143530316949
"fixedGear","GB",1986,"164744",0,39.58591331464,NA,NA,NA,NA,NA
"demersal","GB",1987,"164744",0,2125.30387448841,NA,NA,NA,0.341380663846086,0.658619336153914
"fixedGear","GB",1987,"164744",0,30.14847046442,NA,NA,NA,NA,NA
"demersal","GB",1988,"164744",0,2417.27629354134,NA,NA,NA,0.43517059209021,0.56482940790979
"fixedGear","GB",1988,"164744",0,74.4526516118,NA,NA,NA,NA,NA
"demersal","GB",1989,"164744",0,1363.67964757563,NA,NA,NA,0.418858552705068,0.581141447294932
"fixedGear","GB",1989,"164744",0,66.41363403829,NA,NA,NA,NA,NA
"demersal","GB",1990,"164744",0,1960.516941614,NA,NA,0.0013696710657584,0.442807838803769,0.555822490130473
"fixedGear","GB",1990,"164744",0,40.49037650042,NA,NA,NA,NA,NA
"demersal","GB",1991,"164744",0,1347.60614835231,NA,NA,NA,0.401833613042013,0.598166386957987
"fixedGear","GB",1991,"164744",0,46.96223243558,NA,NA,NA,NA,NA
"pelagic","GB",1991,"164744",0,0.00771107029,NA,NA,NA,NA,NA
"demersal","GB",1992,"164744",0,1976.92836715297,NA,NA,NA,0.314666013569686,0.685333986430315
"fixedGear","GB",1992,"164744",0,28.0184006949,NA,NA,NA,NA,NA
"demersal","GB",1993,"164744",0,664.52552263636,NA,NA,NA,0.507834245605924,0.492165754394076
"fixedGear","GB",1993,"164744",0,22.04050685067,NA,NA,NA,NA,NA
"demersal","GB",1994,"164744",0,160.72864194002,NA,NA,NA,0.396790695834933,0.603209304165067
"fixedGear","GB",1994,"164744",0,43.91318452444,NA,NA,NA,NA,NA
"demersal","GB",1995,"164744",0,154.45682024003,NA,NA,NA,0.615374785946706,0.384625214053294
"fixedGear","GB",1995,"164744",0,74.01130623579,NA,NA,NA,NA,NA
"demersal","GB",1996,"164744",0,211.7051668501,NA,NA,NA,0.375089092424398,0.624910907575602
"fixedGear","GB",1996,"164744",0,104.89913226331,NA,NA,NA,NA,NA
"demersal","GB",1997,"164744",0,769.33847234937,NA,NA,NA,0.341723528740599,0.658276471259401
"fixedGear","GB",1997,"164744",0,107.01922300069,NA,NA,NA,NA,NA
"pelagic","GB",1997,"164744",0,0.67993496263,NA,NA,NA,NA,NA
"demersal","GB",1998,"164744",0,1758.95682171132,NA,NA,NA,0.23397936264646,0.76602063735354
"fixedGear","GB",1998,"164744",0,144.48549917032,NA,NA,NA,0.468362660375359,0.531637339624641
"demersal","GB",1999,"164744",0,2380.69452249321,NA,NA,NA,0.381125717007678,0.618874282992322
"fixedGear","GB",1999,"164744",0,162.80836295647,NA,NA,NA,0.429962043948194,0.570037956051806
"demersal","GB",2000,"164744",0,3039.90938566161,NA,NA,NA,0.454915125926748,0.545084874073252
"fixedGear","GB",2000,"164744",0,157.63332760714,NA,NA,NA,0.144404009993804,0.855595990006196
"pelagic","GB",2000,"164744",0,0.73119090044,NA,NA,NA,NA,NA
"demersal","GB",2001,"164744",0,4618.03798033347,NA,NA,NA,0.342601340908142,0.657398659091858
"fixedGear","GB",2001,"164744",0,179.11999817404,NA,NA,NA,0.31956898787206,0.68043101212794
"demersal","GB",2002,"164744",0,6220.50906313375,NA,NA,NA,0.339838923811072,0.660161076188928
"fixedGear","GB",2002,"164744",0,221.75994891589,NA,NA,NA,0.061801391391665,0.938198608608335
"demersal","GB",2003,"164744",0,5464.41458080364,NA,NA,NA,0.352920065327146,0.647079934672854
"fixedGear","GB",2003,"164744",0,212.67086500583,NA,NA,NA,0.415990133771125,0.584009866228875
"demersal","GB",2004,"164744",0,6356.7704790436,NA,NA,NA,0.394003680007308,0.605996319992692
"fixedGear","GB",2004,"164744",0,838.31308890868,NA,NA,NA,0.618053779974102,0.381946220025899
"demersal","GB",2005,"164744",0,5115.3017701247,NA,NA,NA,0.44143422866628,0.55856577133372
"fixedGear","GB",2005,"164744",0,902.03238426917,NA,NA,NA,0.525200609415235,0.474799390584765
"demersal","GB",2006,"164744",0,2218.2435903243,NA,NA,NA,0.508708069384649,0.49129193061535
"fixedGear","GB",2006,"164744",0,310.53296524096,NA,NA,NA,0.491526161591221,0.508473838408779
"pelagic","GB",2006,"164744",0,0.08028584949,NA,NA,NA,NA,NA
"demersal","GB",2007,"164744",0,2666.91629747928,NA,NA,NA,0.520029967641174,0.479970032358826
"fixedGear","GB",2007,"164744",0,248.1014186189,NA,NA,NA,0.564590809691122,0.435409190308878
"pelagic","GB",2007,"164744",0,0.0680388555,NA,NA,NA,NA,NA
"demersal","GB",2008,"164744",0,5336.17086362591,NA,NA,NA,0.5580353054474,0.4419646945526
"fixedGear","GB",2008,"164744",0,425.32267913212,NA,NA,NA,0.510605488025459,0.489394511974541
"pelagic","GB",2008,"164744",0,23.87755594917,NA,NA,NA,NA,NA
"demersal","GB",2009,"164744",0,4829.36303677751,NA,NA,NA,0.580095514949874,0.419904485050126
"fixedGear","GB",2009,"164744",0,448.6436772433,NA,NA,NA,0.491344093019126,0.508655906980874
"demersal","GB",2010,"164744",0,8698.13899665018,NA,NA,NA,0.55050946189381,0.44949053810619
"fixedGear","GB",2010,"164744",0,388.56400705969,NA,NA,NA,1,NA
"pelagic","GB",2010,"164744",0,4.53456292289,NA,NA,NA,NA,NA
"demersal","GB",2011,"164744",0,5079.33597751503,NA,NA,NA,0.514220478400812,0.485779521599188
"fixedGear","GB",2011,"164744",0,92.69704391794,NA,NA,NA,NA,NA
"pelagic","GB",2011,"164744",0,13.65176955989,NA,NA,NA,NA,NA
"demersal","GB",2012,"164744",0,1462.58410307702,NA,NA,4.54708969016522e-05,0.502128196526915,0.497826332576184
"fixedGear","GB",2012,"164744",0,11.2445548523,NA,NA,NA,NA,NA
"pelagic","GB",2012,"164744",0,71.15231352768,NA,NA,NA,NA,NA
"demersal","GB",2013,"164744",0,1600.6911863404,NA,NA,0.00725475410569823,0.546827692875679,0.445917553018623
"fixedGear","GB",2013,"164744",0,11.95987001979,NA,NA,NA,NA,NA
"pelagic","GB",2013,"164744",0,42.75652398094,NA,NA,NA,NA,NA
"demersal","GB",2014,"164744",0,4191.26017687839,NA,NA,0.0103396742184671,0.735576128684026,0.254084197097507
"fixedGear","GB",2014,"164744",0,6.59795461402,NA,NA,NA,0.642338860436818,0.357661139563182
"pelagic","GB",2014,"164744",0,38.89962805883,NA,NA,NA,NA,NA
"demersal","GB",2015,"164744",0,4724.59680707861,NA,NA,0.00554490031248795,0.881189559753391,0.113265539934121
"fixedGear","GB",2015,"164744",0,7.97007153327,NA,NA,NA,1,NA
"pelagic","GB",2015,"164744",0,10.51200317475,NA,NA,NA,NA,NA
"demersal","GB",2016,"164744",0,3661.90699487151,NA,NA,0.0405389216576206,0.799627303906949,0.15983377443543
"fixedGear","GB",2016,"164744",0,8.16783780659,NA,NA,NA,NA,NA
"pelagic","GB",2016,"164744",0,7.9015790854,NA,NA,NA,NA,NA
"demersal","GB",2017,"164744",0,3207.50088015973,NA,NA,0.025102263375618,0.660445629203116,0.314452107421266
"fixedGear","GB",2017,"164744",0,3.45410589755,NA,NA,NA,NA,NA
"pelagic","GB",2017,"164744",0,3.7693525947,NA,NA,NA,NA,NA
"demersal","GB",2018,"164744",0,3968.8742704919,NA,NA,0.0170284507819857,0.730943248928083,0.252028300289932
"fixedGear","GB",2018,"164744",0,6.09854941465,NA,NA,NA,NA,NA
"pelagic","GB",2018,"164744",0,2.43896617349,NA,NA,NA,NA,NA
"demersal","GB",2019,"164744",0,5215.26944614137,NA,NA,0.0269112954150951,0.916299344652592,0.0567893599323134
"fixedGear","GB",2019,"164744",0,17.21927354994,NA,NA,NA,NA,NA
"demersal","GB",1964,"164791",0,6318.70092502187,NA,NA,NA,NA,NA
"fixedGear","GB",1964,"164791",0,0.24448628743,NA,NA,NA,NA,NA
"demersal","GB",1965,"164791",0,10073.4705250264,NA,NA,NA,NA,NA
"fixedGear","GB",1965,"164791",0,0.01859728717,NA,NA,NA,NA,NA
"demersal","GB",1966,"164791",0,15419.8286196901,NA,NA,NA,NA,NA
"fixedGear","GB",1966,"164791",0,0.05851341573,NA,NA,NA,NA,NA
"demersal","GB",1967,"164791",0,12308.0856247611,NA,NA,NA,NA,NA
"demersal","GB",1968,"164791",0,6704.05984839514,NA,NA,NA,NA,NA
"fixedGear","GB",1968,"164791",0,0.00771107029,NA,NA,NA,NA,NA
"demersal","GB",1969,"164791",0,2027.42544492796,NA,NA,0.167674604231997,0.703979650178589,0.128345745589414
"fixedGear","GB",1969,"164791",0,0.0226796185,NA,NA,NA,NA,NA
"demersal","GB",1970,"164791",0,5714.7739822404,NA,0.0026913893991098,0.279602275936531,0.65148397783267,0.0662223568316895
"demersal","GB",1971,"164791",0,3323.03766068428,NA,0.000316901818234959,0.223003874927446,0.576976910709532,0.199702312544786
"demersal","GB",1972,"164791",0,1680.71349866343,NA,0.000619873953453346,0.191427560633186,0.69247399529148,0.115478570121881
"fixedGear","GB",1972,"164791",0,11.17424803495,NA,NA,NA,NA,NA
"demersal","GB",1973,"164791",0,6204.15887256473,NA,0.00236442604226809,0.555057583624445,0.385259845841491,0.0573181444917959
"fixedGear","GB",1973,"164791",0,0.0045359237,NA,NA,NA,NA,NA
"pelagic","GB",1973,"164791",0,5.41453212069,NA,NA,NA,NA,NA
"demersal","GB",1974,"164791",0,3067.11721679132,NA,0.000968698429719722,0.207329421653482,0.672851016604156,0.118850863312642
"fixedGear","GB",1974,"164791",0,0.98157388868,NA,NA,NA,NA,NA
"pelagic","GB",1974,"164791",0,0.0181436948,NA,NA,NA,NA,NA
"demersal","GB",1975,"164791",0,5267.96826128034,NA,0.000253323437108472,0.193628903036423,0.465729151746942,0.340388621779526
"fixedGear","GB",1975,"164791",0,0.22588900026,NA,NA,NA,NA,NA
"demersal","GB",1976,"164791",0,4273.47016520193,NA,0.00150120902013389,0.247231211695269,0.476188768513273,0.275078810771324
"fixedGear","GB",1976,"164791",0,0.06123496995,NA,NA,NA,NA,NA
"demersal","GB",1977,"164791",0,4342.36041358042,NA,NA,0.0705970394349182,0.683558739736003,0.245844220829079
"fixedGear","GB",1977,"164791",0,0.16556121505,NA,NA,NA,NA,NA
"demersal","GB",1978,"164791",0,7686.21660327059,NA,0.00077505532119918,0.0447356869295859,0.712672692638859,0.241816565110356
"fixedGear","GB",1978,"164791",0,0.03265865064,NA,NA,NA,NA,NA
"demersal","GB",1979,"164791",0,2190.97906014834,NA,0.000307486468833814,0.0510020455818819,0.600304968085155,0.348385499864129
"fixedGear","GB",1979,"164791",0,1.2564508649,NA,NA,NA,NA,NA
"demersal","GB",1980,"164791",0,2315.11368404624,NA,0.000248385773556208,0.230886321436114,0.682884834871663,0.0859804579186662
"fixedGear","GB",1980,"164791",0,3.44185890356,NA,NA,NA,NA,NA
"demersal","GB",1981,"164791",0,3420.73283892725,NA,0.00123841477878933,0.364177861593875,0.577580719225763,0.0570030044015719
"fixedGear","GB",1981,"164791",0,7.74508971775,NA,NA,NA,NA,NA
"pelagic","GB",1981,"164791",0,0.01542214058,NA,NA,NA,NA,NA
"demersal","GB",1982,"164791",0,6096.52548549506,NA,0.00104248675728073,0.142757187896224,0.419285083023457,0.436915242323038
"fixedGear","GB",1982,"164791",0,4.47468873005,NA,NA,NA,NA,NA
"demersal","GB",1983,"164791",0,4795.59671356997,NA,0.00017593884246892,0.118980460593153,0.492567967909368,0.38827563265501
"fixedGear","GB",1983,"164791",0,3.69314907654,NA,NA,NA,NA,NA
"pelagic","GB",1983,"164791",0,4.15898844053,NA,NA,NA,NA,NA
"demersal","GB",1984,"164791",0,5108.16313340564,NA,5.13777690780819e-05,0.152928100131422,0.443872102963302,0.403148419136197
"fixedGear","GB",1984,"164791",0,11.74532082878,NA,NA,NA,NA,NA
"demersal","GB",1985,"164791",0,5005.3237640945,NA,0.000231000363677898,0.162897152776989,0.484145380587654,0.352726466271679
"fixedGear","GB",1985,"164791",0,8.64184183324,NA,NA,NA,NA,NA
"pelagic","GB",1985,"164791",0,1.24238950143,NA,NA,NA,NA,NA
"demersal","GB",1986,"164791",0,6000.9771599393,NA,0.000396569126734009,0.301596430891511,0.489229816074855,0.2087771839069
"fixedGear","GB",1986,"164791",0,4.89743681889,NA,NA,NA,NA,NA
"pelagic","GB",1986,"164791",0,1.20837007368,NA,NA,NA,NA,NA
"demersal","GB",1987,"164791",0,6595.9089124313,NA,1.48747055359631e-05,0.293653741038102,0.359028405216585,0.347302979039777
"fixedGear","GB",1987,"164791",0,6.84244090145,NA,NA,NA,NA,NA
"demersal","GB",1988,"164791",0,6500.53068401429,7.7097881507039e-06,0.00357039073264349,0.375817402799197,0.274426086072558,0.346178410607451
"fixedGear","GB",1988,"164791",0,6.71861018444,NA,NA,NA,NA,NA
"demersal","GB",1989,"164791",0,8064.14069410719,NA,0.000727645980793633,0.348403354262064,0.367305056737898,0.283563943019245
"fixedGear","GB",1989,"164791",0,5.00629898769,NA,NA,NA,NA,NA
"pelagic","GB",1989,"164791",0,0.7892507238,NA,NA,NA,NA,NA
"demersal","GB",1990,"164791",0,8807.2624346553,NA,0.000102641412811273,0.259211758147957,0.448627390448091,0.292058209991141
"fixedGear","GB",1990,"164791",0,7.82129323591,NA,NA,NA,NA,NA
"demersal","GB",1991,"164791",0,8681.99881934847,NA,0.00242140369997785,0.251175213782851,0.365131967475808,0.381271415041364
"fixedGear","GB",1991,"164791",0,5.12196504204,NA,NA,NA,NA,NA
"pelagic","GB",1991,"164791",0,2.11283325946,NA,NA,NA,NA,NA
"demersal","GB",1992,"164791",0,9189.31330887416,NA,0.000374761877478929,0.306264317838002,0.267130119677127,0.426230800607393
"fixedGear","GB",1992,"164791",0,2.58048699293,NA,NA,0.164610770669687,0.613468618027699,0.221920611302614
"demersal","GB",1993,"164791",0,7352.7459254711,NA,0.00390166912464242,0.316347923532511,0.51551085433311,0.164239553009737
"fixedGear","GB",1993,"164791",0,1.91143824718,NA,NA,NA,NA,NA
"demersal","GB",1994,"164791",0,5820.50999242636,NA,0.000222636570026894,0.43709959812251,0.383182495838654,0.179495269468809
"fixedGear","GB",1994,"164791",0,6.71588863022,NA,NA,NA,NA,NA
"demersal","GB",1995,"164791",0,6429.12254438993,NA,0.000255168778391477,0.228010279699546,0.395090452799419,0.376644098722643
"fixedGear","GB",1995,"164791",0,2.89936242904,NA,NA,NA,NA,NA
"pelagic","GB",1995,"164791",0,5.57827896626,NA,NA,NA,NA,NA
"demersal","GB",1996,"164791",0,7525.60907049336,NA,NA,0.571497585866591,0.404016561323558,0.0244858528098508
"fixedGear","GB",1996,"164791",0,4.74865852153,NA,NA,NA,NA,NA
"demersal","GB",1997,"164791",0,7632.21008132891,NA,9.91575030696428e-05,0.48523539577699,0.493600299426546,0.0210651472933946
"fixedGear","GB",1997,"164791",0,16.54750324997,NA,NA,NA,NA,NA
"pelagic","GB",1997,"164791",0,1.94273612071,NA,NA,NA,NA,NA
"demersal","GB",1998,"164791",0,8662.6844026415,0.000162371003541325,0.0124989032290263,0.511707307268743,0.38848699228655,0.0871444262121388
"fixedGear","GB",1998,"164791",0,4.00159188814,NA,NA,NA,NA,NA
"demersal","GB",1999,"164791",0,8784.43539863505,NA,0.000531148319539536,0.562949291097644,0.344461384858592,0.0920581757242236
"fixedGear","GB",1999,"164791",0,6.46006253354,NA,NA,NA,NA,NA
"demersal","GB",2000,"164791",0,8458.9125663427,NA,NA,0.537668419069259,0.448484244750699,0.0138473361800422
"fixedGear","GB",2000,"164791",0,5.55605294013,NA,NA,0.362405636229983,0.637594363770017,NA
"demersal","GB",2001,"164791",0,8886.28911172618,NA,0.000122082711446111,0.207591910632392,0.445724267132923,0.346561739523238
"fixedGear","GB",2001,"164791",0,2.87396125632,NA,NA,NA,NA,NA
"demersal","GB",2002,"164791",0,4161.91456490887,NA,NA,0.411434829306198,0.369364638042225,0.219200532651576
"fixedGear","GB",2002,"164791",0,5.2299200261,NA,NA,0.108119409380113,0.0389817624458307,0.852898828174057
"demersal","GB",2003,"164791",0,6743.34094763714,6.58855048724066e-05,0.00495053304668968,0.503396700962012,0.475001742674179,0.0165851378122469
"fixedGear","GB",2003,"164791",0,3.28582312828,NA,NA,NA,NA,NA
"demersal","GB",2004,"164791",0,6175.69074556567,8.63059811651946e-06,0.00346009954761927,0.380921099669686,0.442021109034457,0.173589061150122
"fixedGear","GB",2004,"164791",0,53.0203962184183,NA,NA,NA,NA,NA
"demersal","GB",2005,"164791",0,5071.27357204229,4.78070419135189e-06,0.000309109082237624,0.403317131932583,0.398500763926688,0.1978682143543
"fixedGear","GB",2005,"164791",0,54.4712621543288,NA,NA,NA,NA,NA
"demersal","GB",2006,"164791",0,3322.69338407545,NA,0.000646332739732799,0.520602086516509,0.354280710122477,0.124470870621281
"fixedGear","GB",2006,"164791",0,7.86166295684,NA,NA,NA,NA,NA
"demersal","GB",2007,"164791",0,3634.33674343817,NA,0.000566304990582619,0.377053680155161,0.467151124863422,0.155228889990835
"fixedGear","GB",2007,"164791",0,1.16391802142,NA,NA,NA,NA,NA
"pelagic","GB",2007,"164791",0,0.08300740371,NA,NA,NA,NA,NA
"demersal","GB",2008,"164791",0,3291.6563261582,NA,0.00112604963275489,0.32985978843596,0.311951452419334,0.357062709511951
"fixedGear","GB",2008,"164791",0,16.5651933524,NA,NA,NA,NA,NA
"demersal","GB",2009,"164791",0,4177.46144339062,NA,2.51291687103945e-05,0.26676128806453,0.351625631614309,0.381587951152451
"fixedGear","GB",2009,"164791",0,2.09831830362,NA,NA,NA,NA,NA
"demersal","GB",2010,"164791",0,5244.59101771528,NA,0.000326952470600044,0.22659826331855,0.347144421698899,0.425930362511951
"fixedGear","GB",2010,"164791",0,1.2065557042,NA,NA,NA,NA,NA
"demersal","GB",2011,"164791",0,4735.95496953353,NA,0.000947479131790385,0.319811276282449,0.480918991391243,0.198322253194518
"fixedGear","GB",2011,"164791",0,2.21262358086,NA,NA,NA,NA,NA
"demersal","GB",2012,"164791",0,4297.18805663686,NA,0.000969000528454322,0.287807490342148,0.384134674701868,0.32708883442753
"fixedGear","GB",2012,"164791",0,4.99949510214,NA,NA,NA,NA,NA
"demersal","GB",2013,"164791",0,4605.97877358465,NA,0.000130669627940229,0.310407977922388,0.438516110613064,0.250945241836608
"fixedGear","GB",2013,"164791",0,2.16681075149,NA,NA,NA,NA,NA
"demersal","GB",2014,"164791",0,5312.49833142798,NA,6.70778986365296e-05,0.185053624532302,0.327857708214864,0.487021589354198
"fixedGear","GB",2014,"164791",0,3.72943646614,NA,NA,NA,NA,NA
"pelagic","GB",2014,"164791",0,1.678291769,NA,NA,NA,NA,NA
"demersal","GB",2015,"164791",0,4676.80858293726,NA,4.61970797776446e-05,0.257360116808241,0.2910913497754,0.451502336336582
"fixedGear","GB",2015,"164791",0,10.98464642429,NA,NA,NA,NA,NA
"pelagic","GB",2015,"164791",0,0.3356583538,NA,NA,0.871102238301677,0.128897761698323,NA
"demersal","GB",2016,"164791",0,4471.20468705603,NA,0.000192463384894793,0.246090109481013,0.285379102653009,0.468338324481083
"fixedGear","GB",2016,"164791",0,3.88637942616,NA,NA,NA,NA,NA
"pelagic","GB",2016,"164791",0,0.14877829736,NA,NA,0.972405910739846,0.0275940892601538,NA
"demersal","GB",2017,"164791",0,3740.68129310109,NA,0.000155057180295739,0.274137654502772,0.286804711379722,0.438902576937211
"fixedGear","GB",2017,"164791",0,4.64660023828,NA,NA,NA,NA,NA
"demersal","GB",2018,"164791",0,3238.26876374414,NA,0.000356351104197814,0.256321206746294,0.325174682647629,0.418147759501879
"fixedGear","GB",2018,"164791",0,0.816466266,NA,NA,NA,NA,NA
"pelagic","GB",2018,"164791",0,1.2519149412,NA,0.00102962811043483,0.18219054871267,0.56470066881168,0.252079154365216
"demersal","GB",2019,"164791",0,2576.7539277249,NA,0.000311688794424906,0.28764307538285,0.373821007910951,0.338224227911774
"fixedGear","GB",2019,"164791",0,0.49623005278,NA,NA,NA,NA,NA
"demersal","GB",1978,"160617",0,1.58938766448,NA,NA,NA,NA,NA
"demersal","GB",1979,"160617",0,45.66223670316,NA,NA,NA,NA,NA
"demersal","GB",1980,"160617",0,11.81335968428,NA,NA,NA,NA,NA
"fixedGear","GB",1980,"160617",0,0.27487697622,NA,NA,NA,NA,NA
"demersal","GB",1981,"160617",0,1.77218538959,NA,NA,NA,NA,NA
"demersal","GB",1982,"160617",0,4.05284782595,NA,NA,NA,NA,NA
"fixedGear","GB",1982,"160617",0,5.47349912879,NA,NA,NA,NA,NA
"demersal","GB",1983,"160617",0,0.0317514659,NA,NA,NA,NA,NA
"fixedGear","GB",1983,"160617",0,0.06259574706,NA,NA,NA,NA,NA
"demersal","GB",1984,"160617",0,1.05868459158,NA,NA,NA,NA,NA
"demersal","GB",1985,"160617",0,0.045359237,NA,NA,NA,NA,NA
"demersal","GB",1986,"160617",0,102.68197275875,NA,NA,NA,NA,NA
"demersal","GB",1987,"160617",0,41.1680435012,NA,NA,NA,NA,NA
"fixedGear","GB",1987,"160617",0,0.4399845989,NA,NA,NA,NA,NA
"demersal","GB",1988,"160617",0,84.7718780293,NA,NA,NA,0.0573897603094182,0.942610239690582
"demersal","GB",1989,"160617",0,8.85684461662,NA,NA,NA,NA,NA
"fixedGear","GB",1989,"160617",0,1.270058636,NA,NA,NA,NA,NA
"demersal","GB",1990,"160617",0,123.42747339307,NA,NA,NA,NA,NA
"fixedGear","GB",1990,"160617",0,1743.29200921337,NA,NA,NA,NA,NA
"demersal","GB",1991,"160617",0,66.42134510858,NA,NA,NA,NA,NA
"fixedGear","GB",1991,"160617",0,3728.94295764144,NA,NA,NA,0.00388225453225686,0.996117745467743
"demersal","GB",1992,"160617",0,855.9968410455,NA,NA,NA,NA,NA
"fixedGear","GB",1992,"160617",0,2848.38000742911,NA,NA,NA,0.00504940371455561,0.994950596285444
"pelagic","GB",1992,"160617",0,201.621808465,NA,NA,NA,NA,NA
"demersal","GB",1993,"160617",0,2925.35599339522,NA,NA,NA,0.00851471234578786,0.991485287654212
"fixedGear","GB",1993,"160617",0,2549.62139292861,NA,NA,NA,NA,1
"demersal","GB",1994,"160617",0,1240.41546743576,NA,NA,NA,NA,NA
"fixedGear","GB",1994,"160617",0,3257.95668102905,NA,NA,NA,0.0217246866754355,0.978275313324565
"demersal","GB",1995,"160617",0,836.72143328235,NA,NA,NA,NA,NA
"fixedGear","GB",1995,"160617",0,5045.10245416639,NA,NA,NA,0.0734831647321111,0.926516835267889
"demersal","GB",1996,"160617",0,876.63892261946,NA,NA,NA,NA,NA
"fixedGear","GB",1996,"160617",0,4436.69719391591,NA,NA,NA,0.433941344974608,0.566058655025392
"demersal","GB",1997,"160617",0,695.76805789722,NA,NA,NA,NA,NA
"fixedGear","GB",1997,"160617",0,2955.70948761088,NA,NA,NA,0.739519464229899,0.260480535770101
"pelagic","GB",1997,"160617",0,3.6468826548,NA,NA,NA,NA,NA
"demersal","GB",1998,"160617",0,820.09455136763,NA,NA,NA,0.459738357872297,0.540261642127703
"fixedGear","GB",1998,"160617",0,3232.22347869421,NA,NA,NA,0.251829353719352,0.748170646280648
"demersal","GB",1999,"160617",0,220.30255663108,NA,NA,NA,NA,NA
"fixedGear","GB",1999,"160617",0,3576.40619390362,NA,NA,NA,0.544632549354555,0.455367450645445
"demersal","GB",2000,"160617",0,107.0387274726,NA,NA,NA,NA,NA
"fixedGear","GB",2000,"160617",0,2055.21296710653,NA,NA,0.00126973664918679,0.463836758699382,0.534893504651432
"demersal","GB",2001,"160617",0,22.46144057003,NA,NA,NA,NA,NA
"fixedGear","GB",2001,"160617",0,1446.88572474369,NA,NA,NA,0.557939778631917,0.442060221368083
"demersal","GB",2002,"160617",0,19.73489683396,NA,NA,NA,NA,NA
"fixedGear","GB",2002,"160617",0,955.05551795269,NA,NA,NA,0.136122195781641,0.863877804218359
"demersal","GB",2003,"160617",0,5.08250250585,NA,NA,NA,NA,NA
"fixedGear","GB",2003,"160617",0,720.57366383541,NA,NA,NA,0.0919030280576975,0.908096971942303
"demersal","GB",2004,"160617",0,22.95449547622,NA,NA,NA,NA,NA
"fixedGear","GB",2004,"160617",0,176.03602365041,NA,NA,NA,0.126807007713978,0.873192992286022
"demersal","GB",2005,"160617",0,31.30195586133,NA,NA,NA,NA,1
"fixedGear","GB",2005,"160617",0,270.26938492554,NA,NA,NA,0.644968600145717,0.355031399854283
"demersal","GB",2006,"160617",0,68.74827396668,NA,NA,NA,0.579131195266121,0.420868804733879
"fixedGear","GB",2006,"160617",0,337.35433567143,NA,NA,0.000763841537493464,0.339901414162326,0.65933474430018
"demersal","GB",2007,"160617",0,39.15182541655,NA,NA,NA,0.055963400789671,0.944036599210329
"fixedGear","GB",2007,"160617",0,247.87280806442,NA,NA,NA,0.134853530387105,0.865146469612895
"demersal","GB",2008,"160617",0,20.82487929907,NA,NA,NA,0.169873925158413,0.830126074841587
"fixedGear","GB",2008,"160617",0,280.76143003601,NA,NA,NA,0.150972592367333,0.849027407632667
"demersal","GB",2009,"160617",0,104.03639957557,NA,NA,NA,0.266961433809519,0.733038566190481
"fixedGear","GB",2009,"160617",0,428.91558429489,NA,NA,NA,0.0845248268077015,0.915475173192299
"demersal","GB",2010,"160617",0,102.22520524216,NA,NA,NA,0.194135341322261,0.805864658677739
"fixedGear","GB",2010,"160617",0,949.91676999296,NA,0.000487982807121826,NA,0.599236299294165,0.400275717898713
"demersal","GB",2011,"160617",0,138.3366010026,NA,NA,NA,0.0545975012688814,0.945402498731119
"fixedGear","GB",2011,"160617",0,1388.38047367635,NA,NA,0.00123962317031311,0.788227239526637,0.21053313730305
"demersal","GB",2012,"160617",0,80.16882265854,NA,NA,NA,NA,NA
"fixedGear","GB",2012,"160617",0,2434.90561459376,NA,NA,0.000756303714621712,0.110724863152488,0.88851883313289
"demersal","GB",2013,"160617",0,112.27227623766,NA,NA,NA,0.070271608161576,0.929728391838424
"fixedGear","GB",2013,"160617",0,1679.44979032061,NA,NA,NA,0.0519004037299272,0.948099596270073
"demersal","GB",2014,"160617",0,105.08419795027,NA,NA,NA,NA,NA
"fixedGear","GB",2014,"160617",0,2887.25559509233,NA,NA,NA,0.17321678736322,0.82678321263678
"demersal","GB",2015,"160617",0,122.48218689399,NA,NA,NA,0.906823320493968,0.0931766795060316
"fixedGear","GB",2015,"160617",0,2647.20408026382,NA,NA,NA,0.75835627229125,0.24164372770875
"demersal","GB",2016,"160617",0,140.31653169765,NA,NA,NA,0.138391941942984,0.861608058057016
"fixedGear","GB",2016,"160617",0,5450.2615916749,NA,NA,0.000184519546964126,0.120510130107162,0.879305350345874
"pelagic","GB",2016,"160617",0,0.45359237,NA,NA,NA,NA,NA
"demersal","GB",2017,"160617",0,62.95453862467,NA,NA,NA,NA,NA
"fixedGear","GB",2017,"160617",0,4011.78365510153,NA,NA,NA,0.232798114159237,0.767201885840762
"demersal","GB",2018,"160617",0,27.23640744902,NA,NA,NA,NA,NA
"fixedGear","GB",2018,"160617",0,3238.24627818307,NA,NA,NA,0.346163470555186,0.653836529444814
"pelagic","GB",2018,"160617",0,2.26796185,NA,NA,NA,NA,NA
"demersal","GB",2019,"160617",0,44.35543708519,NA,NA,NA,NA,NA
"fixedGear","GB",2019,"160617",0,2794.33719809783,NA,NA,NA,0.232174393173071,0.767825606826929
"demersal","GB",1964,"172905",0,6357.1741762529,NA,NA,NA,NA,NA
"fixedGear","GB",1964,"172905",0,7.81902527406,NA,NA,NA,NA,NA
"demersal","GB",1965,"172905",0,7529.11261795924,NA,NA,NA,NA,NA
"fixedGear","GB",1965,"172905",0,2.10829733576,NA,NA,NA,NA,NA
"demersal","GB",1966,"172905",0,9979.79508236634,NA,NA,NA,NA,NA
"fixedGear","GB",1966,"172905",0,15.72468669079,NA,NA,NA,NA,NA
"demersal","GB",1967,"172905",0,7417.01179963744,NA,NA,NA,NA,NA
"fixedGear","GB",1967,"172905",0,28.87070075813,NA,NA,NA,NA,NA
"demersal","GB",1968,"172905",0,5065.13808274166,NA,NA,NA,NA,NA
"fixedGear","GB",1968,"172905",0,4.18847194458,NA,NA,NA,NA,NA
"demersal","GB",1969,"172905",0,7541.33647873837,NA,NA,NA,NA,NA
"fixedGear","GB",1969,"172905",0,3.13069453774,NA,NA,NA,NA,NA
"demersal","GB",1970,"172905",0,8464.80563841374,NA,NA,NA,NA,NA
"fixedGear","GB",1970,"172905",0,2.81862298718,NA,NA,NA,NA,NA
"demersal","GB",1971,"172905",0,8074.18232199425,NA,NA,NA,NA,NA
"fixedGear","GB",1971,"172905",0,0.57515512516,NA,NA,NA,NA,NA
"demersal","GB",1972,"172905",0,6321.68238766988,NA,NA,NA,NA,NA
"fixedGear","GB",1972,"172905",0,2.49112929604,NA,NA,NA,NA,NA
"demersal","GB",1973,"172905",0,5877.64403375919,NA,NA,0.0219015105615854,0.432278340617963,0.545820148820451
"fixedGear","GB",1973,"172905",0,1.81164792578,NA,NA,NA,NA,NA
"pelagic","GB",1973,"172905",0,2.49657240448,NA,NA,NA,NA,NA
"demersal","GB",1974,"172905",0,5410.99319301926,NA,3.14233908291098e-05,0.00925846289397978,0.483483490330153,0.507226623385038
"fixedGear","GB",1974,"172905",0,6.0826736817,NA,NA,NA,NA,NA
"pelagic","GB",1974,"172905",0,1.68554924692,NA,NA,NA,NA,NA
"demersal","GB",1975,"172905",0,5581.50174004885,NA,NA,0.0227419726511046,0.498076735392078,0.479181291956817
"fixedGear","GB",1975,"172905",0,0.19186957251,NA,NA,NA,NA,NA
"demersal","GB",1976,"172905",0,4219.50537375829,NA,NA,0.0157656718844354,0.469815601691392,0.514418726424173
"fixedGear","GB",1976,"172905",0,0.4036972093,NA,NA,NA,NA,NA
"demersal","GB",1977,"172905",0,6688.51115554391,NA,NA,0.0126686162602932,0.426705621967066,0.560625761772641
"fixedGear","GB",1977,"172905",0,0.06214215469,NA,NA,NA,NA,NA
"demersal","GB",1978,"172905",0,7828.15926361469,NA,NA,0.0245827578921077,0.295750678553671,0.679666563554221
"fixedGear","GB",1978,"172905",0,1.41112586307,NA,NA,NA,NA,NA
"demersal","GB",1979,"172905",0,7661.48175774212,NA,NA,0.0603747728067767,0.432643287135002,0.506981940058222
"fixedGear","GB",1979,"172905",0,3.09395355577,NA,NA,NA,NA,NA
"demersal","GB",1980,"172905",0,12121.3448211787,NA,NA,0.0718047451621085,0.556299016457616,0.371896238380276
"fixedGear","GB",1980,"172905",0,3.3928709276,NA,NA,NA,NA,NA
"pelagic","GB",1980,"172905",0,0.16102529135,NA,NA,NA,NA,NA
"demersal","GB",1981,"172905",0,12525.8090551763,NA,NA,0.142107893825793,0.520598412319501,0.337293693854707
"fixedGear","GB",1981,"172905",0,22.81025310256,NA,NA,NA,NA,NA
"pelagic","GB",1981,"172905",0,0.1133980925,NA,NA,NA,NA,NA
"demersal","GB",1982,"172905",0,9505.80466348744,NA,NA,0.0838071031026064,0.525334391890693,0.3908585050067
"fixedGear","GB",1982,"172905",0,8.87181316483,NA,NA,NA,NA,NA
"pelagic","GB",1982,"172905",0,9.661517481,NA,NA,NA,NA,NA
"demersal","GB",1983,"172905",0,10226.107532678,NA,1.68594784066096e-05,0.057360338944246,0.453346991300092,0.489275810277255
"fixedGear","GB",1983,"172905",0,7.87527072794,NA,NA,NA,NA,NA
"pelagic","GB",1983,"172905",0,4.53819166185,NA,NA,NA,NA,NA
"demersal","GB",1984,"172905",0,9862.86305171167,NA,NA,0.044874738963258,0.377378317936338,0.577746943100404
"fixedGear","GB",1984,"172905",0,4.63163169007,NA,NA,NA,NA,NA
"pelagic","GB",1984,"172905",0,0.79968334831,NA,NA,NA,NA,NA
"demersal","GB",1985,"172905",0,6539.73376536865,3.87853812241142e-06,0.000997581647574416,0.0774586203191445,0.415929533786202,0.505610385708956
"fixedGear","GB",1985,"172905",0,6.57527499552,NA,NA,NA,NA,NA
"pelagic","GB",1985,"172905",0,0.07801788764,NA,NA,NA,NA,NA
"demersal","GB",1986,"172905",0,4959.28096339291,NA,1.52278912893591e-05,0.0603363804426059,0.472791491071951,0.466856900594154
"fixedGear","GB",1986,"172905",0,6.87782110631,NA,NA,NA,NA,NA
"pelagic","GB",1986,"172905",0,1.54039968852,NA,NA,NA,NA,NA
"demersal","GB",1987,"172905",0,5780.57798813341,NA,NA,0.0434986353428743,0.470036794260896,0.486464570396229
"fixedGear","GB",1987,"172905",0,7.81766449695,NA,NA,NA,NA,NA
"pelagic","GB",1987,"172905",0,11.13297112928,NA,NA,NA,NA,NA
"demersal","GB",1988,"172905",0,5362.87430004018,NA,NA,0.0598833077099833,0.516020499192165,0.424096193097852
"fixedGear","GB",1988,"172905",0,9.65017767175,NA,NA,NA,NA,NA
"pelagic","GB",1988,"172905",0,26.1858875201,NA,NA,NA,NA,NA
"demersal","GB",1989,"172905",0,4341.04862444638,NA,NA,0.0674567920614391,0.509262402487815,0.423280805450746
"fixedGear","GB",1989,"172905",0,8.34247086904,NA,NA,NA,NA,NA
"pelagic","GB",1989,"172905",0,17.29774502995,NA,NA,NA,NA,NA
"demersal","GB",1990,"172905",0,4624.87724608833,NA,NA,0.0267946432602276,0.529745467851118,0.443459888888655
"fixedGear","GB",1990,"172905",0,7.66072153693,NA,NA,NA,NA,NA
"pelagic","GB",1990,"172905",0,12.9409903161,NA,NA,0.281856435780863,0.718143564219137,NA
"demersal","GB",1991,"172905",0,5273.67218533309,NA,2.51443756005852e-05,0.0298158016825356,0.546599926719665,0.423559127222199
"fixedGear","GB",1991,"172905",0,15.69248163252,NA,NA,NA,NA,NA
"pelagic","GB",1991,"172905",0,12.9954214005,NA,NA,NA,NA,NA
"demersal","GB",1992,"172905",0,4295.25484595592,NA,0.000105903420326352,0.0153448908626603,0.430264012375084,0.554285193341929
"fixedGear","GB",1992,"172905",0,15.93515355047,NA,NA,NA,NA,NA
"pelagic","GB",1992,"172905",0,14.2110489521,NA,NA,NA,NA,NA
"demersal","GB",1993,"172905",0,3692.70138087081,NA,8.61142454705481e-05,0.0217384079617403,0.575305204728815,0.402870273063975
"fixedGear","GB",1993,"172905",0,17.85657082979,NA,NA,NA,NA,NA
"pelagic","GB",1993,"172905",0,8.6999016566,NA,NA,NA,NA,NA
"demersal","GB",1994,"172905",0,2242.26674942424,NA,NA,0.0385336330775543,0.476814104717882,0.484652262204563
"fixedGear","GB",1994,"172905",0,74.63227419032,NA,NA,NA,NA,NA
"demersal","GB",1995,"172905",0,2245.94765150679,NA,NA,0.0373226009154771,0.55316714271142,0.409510256373103
"fixedGear","GB",1995,"172905",0,57.48330745773,NA,NA,0.000812797203261047,0.903676159012918,0.0955110437838208
"pelagic","GB",1995,"172905",0,0.00090718474,NA,NA,NA,NA,NA
"demersal","GB",1996,"172905",0,3333.08473167978,NA,NA,0.022905846456263,0.376329193630134,0.600764959913603
"fixedGear","GB",1996,"172905",0,51.79934146926,NA,NA,NA,NA,NA
"pelagic","GB",1996,"172905",0,0.56018657695,NA,NA,NA,NA,NA
"demersal","GB",1997,"172905",0,3840.46726006097,NA,NA,0.0288560645896296,0.633580725815184,0.337563209595187
"fixedGear","GB",1997,"172905",0,62.82208965263,NA,NA,NA,0.841528712092007,0.158471287907993
"demersal","GB",1998,"172905",0,3478.5318466745,NA,NA,0.0547009744785578,0.781802190725539,0.163496834795903
"fixedGear","GB",1998,"172905",0,46.24873163757,NA,NA,0.0147419556077155,0.985258044392284,NA
"demersal","GB",1999,"172905",0,3163.22391455455,NA,NA,0.105282358574695,0.696033217220226,0.198684424205079
"fixedGear","GB",1999,"172905",0,86.91827712414,NA,NA,0.0134794492860572,0.67005176205506,0.316468788658883
"demersal","GB",2000,"172905",0,3892.71429719942,NA,NA,0.0113451086122913,0.643809569239806,0.344845322147903
"fixedGear","GB",2000,"172905",0,69.75298106623,NA,NA,0.00142692918619463,0.964651089958547,0.0339219808552582
"demersal","GB",2001,"172905",0,4851.03568021611,NA,NA,0.0163872465611138,0.427848535997853,0.555764217441034
"fixedGear","GB",2001,"172905",0,43.58478364856,NA,NA,0.0232301950617441,0.779766423491471,0.197003381446785
"demersal","GB",2002,"172905",0,4164.47509383752,NA,NA,0.00179703361561727,0.400016311059545,0.598186655324838
"fixedGear","GB",2002,"172905",0,54.47871159885,NA,NA,0.018026863260501,0.841894087978132,0.140079048761368
"demersal","GB",2003,"172905",0,4276.76052425391,NA,NA,0.00209915363194342,0.248799803223829,0.749101043144227
"fixedGear","GB",2003,"172905",0,52.83761440419,NA,NA,0.00377995394723496,0.938728105277567,0.0574919407751983
"demersal","GB",2004,"172905",0,3454.08866103994,NA,NA,0.00270842845494085,0.186376811497411,0.810914760047648
"fixedGear","GB",2004,"172905",0,130.29576905961,NA,NA,NA,NA,NA
"demersal","GB",2005,"172905",0,2627.65334193208,1.7417127966196e-05,NA,0.00317321164793929,0.177539321798002,0.819270049426092
"fixedGear","GB",2005,"172905",0,22.0672688005,NA,NA,NA,NA,NA
"demersal","GB",2006,"172905",0,1637.15230181811,NA,0.000150086279082736,0.0079258550627002,0.24518597767656,0.746738080981657
"fixedGear","GB",2006,"172905",0,14.6374257799,NA,NA,NA,0.976790729576184,0.0232092704238164
"pelagic","GB",2006,"172905",0,0.09298643585,NA,NA,NA,NA,NA
"demersal","GB",2007,"172905",0,1591.92143145882,1.04781336744705e-05,NA,0.0119442313130854,0.400786243815273,0.587259046737967
"fixedGear","GB",2007,"172905",0,16.63141783842,NA,NA,NA,NA,NA
"demersal","GB",2008,"172905",0,1567.2705005188,NA,NA,0.00773709019696103,0.318761538262993,0.673501371540046
"fixedGear","GB",2008,"172905",0,16.28033734404,NA,NA,0.0436513635550993,0.921521355713138,0.0348272807317628
"pelagic","GB",2008,"172905",0,0.18461209459,NA,NA,NA,NA,NA
"demersal","GB",2009,"172905",0,1739.47502941982,NA,NA,0.0062088082814054,0.370121257103113,0.623669934615482
"fixedGear","GB",2009,"172905",0,4.88609700964,NA,NA,NA,NA,NA
"pelagic","GB",2009,"172905",0,0.06214215469,NA,NA,NA,NA,NA
"demersal","GB",2010,"172905",0,1371.00697872061,NA,NA,0.00171322932690861,0.273415864522603,0.724870906150489
"fixedGear","GB",2010,"172905",0,5.08068813637,NA,NA,NA,NA,NA
"demersal","GB",2011,"172905",0,1875.94963374357,NA,NA,0.0022880322602579,0.240479690184331,0.757232277555411
"fixedGear","GB",2011,"172905",0,4.11045405694,NA,NA,NA,NA,NA
"demersal","GB",2012,"172905",0,1991.24238157306,NA,NA,0.00148687112181972,0.303917031493949,0.694596097384231
"fixedGear","GB",2012,"172905",0,1.07319954742,NA,NA,NA,NA,NA
"demersal","GB",2013,"172905",0,2233.23300378332,NA,NA,0.00342113740440534,0.25795638394261,0.738622478652985
"fixedGear","GB",2013,"172905",0,2.71112159549,NA,NA,NA,NA,NA
"demersal","GB",2014,"172905",0,1574.53659669383,NA,NA,0.00251899677910264,0.280457943269005,0.717023059951892
"fixedGear","GB",2014,"172905",0,1.29545980872,NA,NA,NA,NA,NA
"demersal","GB",2015,"172905",0,1292.34771146943,NA,NA,0.00314195915721702,0.321965496887905,0.674892543954878
"fixedGear","GB",2015,"172905",0,2.56188970576,NA,NA,NA,NA,NA
"demersal","GB",2016,"172905",0,770.90518039535,NA,NA,0.00317464164949007,0.242906926405948,0.753918431944562
"fixedGear","GB",2016,"172905",0,1.45784587718,NA,NA,NA,NA,NA
"demersal","GB",2017,"172905",0,685.57991967465,NA,NA,0.00260360683010554,0.214476552440941,0.782919840728954
"fixedGear","GB",2017,"172905",0,0.24675424928,NA,NA,NA,NA,NA
"demersal","GB",2018,"172905",0,601.9987216166,NA,NA,0.000223867090682789,0.188053246449236,0.811722886460081
"fixedGear","GB",2018,"172905",0,0.26444435171,NA,NA,NA,NA,NA
"pelagic","GB",2018,"172905",0,0.07121400209,NA,NA,NA,NA,NA
"demersal","GB",2019,"172905",0,390.58476106804,NA,NA,NA,0.174877173071262,0.825122826928738
"fixedGear","GB",2019,"172905",0,0.36378108074,NA,NA,NA,NA,NA
"demersal","GB",1964,"564145",0,1.62733026897235,NA,NA,NA,NA,NA
"fixedGear","GB",1964,"564145",0,0.00704768289124602,NA,NA,NA,NA,NA
"demersal","GB",1965,"564145",0,1.33244076393004,NA,NA,NA,NA,NA
"demersal","GB",1966,"564145",0,0.394194443918556,NA,NA,NA,NA,NA
"demersal","GB",1967,"564145",0,2.01791730341453,NA,NA,NA,NA,NA
"demersal","GB",1968,"564145",0,3.11973274422322,NA,NA,NA,NA,NA
"demersal","GB",1969,"564145",0,1.23202482162532,NA,NA,NA,NA,NA
"demersal","GB",1970,"564145",0,3.29856531449825,NA,NA,NA,NA,NA
"fixedGear","GB",1970,"564145",0,0.0512928613785901,NA,NA,NA,NA,NA
"demersal","GB",1971,"564145",0,1.76538032663481,NA,NA,NA,NA,NA
"fixedGear","GB",1971,"564145",0,0.0175146389428547,NA,NA,NA,NA,NA
"demersal","GB",1972,"564145",0,2.06858650162764,NA,NA,NA,NA,NA
"demersal","GB",1973,"564145",0,1.60795049436606,NA,NA,NA,NA,NA
"fixedGear","GB",1973,"564145",0,0.294578036619928,NA,NA,NA,NA,NA
"demersal","GB",1974,"564145",0,0.540236872574941,NA,NA,NA,NA,NA
"fixedGear","GB",1974,"564145",0,0.101745755671561,NA,NA,NA,NA,NA
"demersal","GB",1975,"564145",0,1.58936258658892,NA,NA,NA,NA,NA
"demersal","GB",1976,"564145",0,5.11900836167618,NA,NA,NA,NA,NA
"fixedGear","GB",1976,"564145",0,1.13054854643667,NA,NA,NA,NA,NA
"demersal","GB",1977,"564145",0,7.37929494749113,NA,NA,NA,NA,NA
"fixedGear","GB",1977,"564145",0,0.357185328539837,NA,NA,NA,NA,NA
"demersal","GB",1978,"564145",0,44.5596540266169,NA,NA,NA,NA,NA
"fixedGear","GB",1978,"564145",0,0.0624296495551027,NA,NA,NA,NA,NA
"demersal","GB",1979,"564145",0,83.4953460267413,NA,NA,NA,NA,NA
"fixedGear","GB",1979,"564145",0,1.48286988799604,NA,NA,NA,NA,NA
"demersal","GB",1980,"564145",0,116.901808654091,NA,NA,NA,NA,NA
"fixedGear","GB",1980,"564145",0,0.958216134808396,NA,NA,NA,NA,NA
"demersal","GB",1981,"564145",0,62.2412230837986,NA,NA,NA,NA,NA
"fixedGear","GB",1981,"564145",0,0.362083856823353,NA,NA,NA,NA,NA
"demersal","GB",1982,"564145",0,87.3495591582996,NA,NA,NA,NA,NA
"fixedGear","GB",1982,"564145",0,0.0903032005384038,NA,NA,NA,NA,NA
"demersal","GB",1983,"564145",0,186.759736750001,NA,NA,NA,NA,NA
"fixedGear","GB",1983,"564145",0,0.202174022034049,NA,NA,NA,NA,NA
"demersal","GB",1984,"564145",0,200.463277258225,NA,NA,NA,NA,NA
"fixedGear","GB",1984,"564145",0,1.19813688393754,NA,NA,NA,NA,NA
"demersal","GB",1985,"564145",0,199.705772651073,NA,NA,NA,NA,NA
"fixedGear","GB",1985,"564145",0,0.986107692953367,NA,NA,NA,NA,NA
"demersal","GB",1986,"564145",0,153.198283179262,NA,NA,NA,NA,NA
"fixedGear","GB",1986,"564145",0,2.23713055931568,NA,NA,NA,NA,NA
"demersal","GB",1987,"564145",0,355.665644219018,NA,NA,NA,NA,NA
"fixedGear","GB",1987,"564145",0,10.648149253287,NA,NA,NA,NA,NA
"demersal","GB",1988,"564145",0,460.895936667023,NA,NA,NA,NA,NA
"fixedGear","GB",1988,"564145",0,2.08157805779987,NA,NA,NA,NA,NA
"demersal","GB",1989,"564145",0,1164.41713077756,NA,NA,NA,NA,NA
"fixedGear","GB",1989,"564145",0,27.6918053929365,NA,NA,NA,NA,NA
"demersal","GB",1990,"564145",0,4333.14625174013,NA,NA,NA,NA,NA
"fixedGear","GB",1990,"564145",0,21.7150161780264,NA,NA,NA,NA,NA
"pelagic","GB",1990,"564145",0,0.056991634178146,NA,NA,NA,NA,NA
"demersal","GB",1991,"564145",0,3982.80490727351,NA,NA,NA,NA,NA
"fixedGear","GB",1991,"564145",0,14.427811455999,NA,NA,NA,NA,NA
"demersal","GB",1992,"564145",0,4150.10934740247,NA,NA,NA,NA,NA
"fixedGear","GB",1992,"564145",0,58.8561931836059,NA,NA,NA,NA,NA
"demersal","GB",1993,"564145",0,2993.66419338792,NA,NA,NA,NA,NA
"fixedGear","GB",1993,"564145",0,70.7001413670699,NA,NA,NA,NA,NA
"demersal","GB",1994,"564145",0,3278.83048476759,NA,NA,NA,NA,NA
"fixedGear","GB",1994,"564145",0,308.071903099949,NA,NA,NA,NA,NA
"demersal","GB",1995,"564145",0,1798.69790642991,NA,NA,NA,NA,NA
"fixedGear","GB",1995,"564145",0,208.420200273718,NA,NA,NA,NA,NA
"demersal","GB",1996,"564145",0,5902.94122347185,NA,NA,NA,NA,NA
"fixedGear","GB",1996,"564145",0,189.338110160923,NA,NA,NA,NA,NA
"pelagic","GB",1996,"564145",0,0.599531653958788,NA,NA,NA,NA,NA
"demersal","GB",1997,"564145",0,2319.21283628031,NA,NA,NA,NA,NA
"fixedGear","GB",1997,"564145",0,119.355507681258,NA,NA,NA,NA,NA
"pelagic","GB",1997,"564145",0,0.12496634350226,NA,NA,NA,NA,NA
"demersal","GB",1998,"564145",0,3978.55800030235,NA,NA,NA,NA,NA
"fixedGear","GB",1998,"564145",0,222.367753922705,NA,NA,NA,NA,NA
"demersal","GB",1999,"564145",0,3060.56331222501,NA,NA,NA,NA,NA
"fixedGear","GB",1999,"564145",0,227.267801672196,NA,NA,NA,NA,NA
"demersal","GB",2000,"564145",0,3660.94627915636,NA,NA,NA,NA,NA
"fixedGear","GB",2000,"564145",0,442.370757364335,NA,NA,NA,NA,NA
"demersal","GB",2001,"564145",0,4001.47075913584,NA,NA,NA,NA,NA
"fixedGear","GB",2001,"564145",0,722.011746395878,NA,NA,NA,NA,NA
"pelagic","GB",2001,"564145",0,0.0261114391748898,NA,NA,NA,NA,NA
"demersal","GB",2002,"564145",0,2881.89255429955,NA,NA,NA,NA,NA
"fixedGear","GB",2002,"564145",0,1355.39552766771,NA,NA,NA,NA,NA
"demersal","GB",2003,"564145",0,3151.22582396219,NA,NA,NA,NA,NA
"fixedGear","GB",2003,"564145",0,1943.3530805522,NA,NA,NA,NA,NA
"demersal","GB",2004,"564145",0,4642.91175471655,NA,NA,NA,NA,NA
"fixedGear","GB",2004,"564145",0,1987.29334768356,NA,NA,NA,NA,NA
"demersal","GB",2005,"564145",0,2972.63773820281,NA,NA,NA,NA,NA
"fixedGear","GB",2005,"564145",0,2398.48445601404,NA,NA,NA,NA,NA
"demersal","GB",2006,"564145",0,3268.56667189399,NA,NA,NA,NA,NA
"fixedGear","GB",2006,"564145",0,3059.12014275888,NA,NA,NA,NA,NA
"demersal","GB",2007,"564145",0,4397.8469680798,NA,NA,NA,NA,NA
"fixedGear","GB",2007,"564145",0,4133.54020090519,NA,NA,NA,NA,NA
"demersal","GB",2008,"564145",0,4318.06844504719,NA,NA,NA,NA,NA
"fixedGear","GB",2008,"564145",0,3162.06801187472,NA,NA,NA,NA,NA
"demersal","GB",2009,"564145",0,3516.1337903735,NA,NA,NA,NA,NA
"fixedGear","GB",2009,"564145",0,3499.8007870153,NA,NA,NA,NA,NA
"demersal","GB",2010,"564145",0,1507.29855501502,NA,NA,NA,NA,NA
"fixedGear","GB",2010,"564145",0,3988.45029689639,NA,NA,NA,NA,NA
"demersal","GB",2011,"564145",0,1109.85090690279,NA,NA,NA,NA,NA
"fixedGear","GB",2011,"564145",0,3916.09077426316,NA,NA,NA,NA,NA
"demersal","GB",2012,"564145",0,1115.30892037486,NA,NA,NA,NA,NA
"fixedGear","GB",2012,"564145",0,3646.15793626663,NA,NA,NA,NA,NA
"demersal","GB",2013,"564145",0,660.298969697127,NA,NA,NA,NA,NA
"fixedGear","GB",2013,"564145",0,2935.94525798578,NA,NA,NA,NA,NA
"demersal","GB",2014,"564145",0,1069.16704445698,NA,NA,NA,NA,NA
"fixedGear","GB",2014,"564145",0,4972.44796692964,NA,NA,NA,NA,NA
"demersal","GB",2015,"564145",0,1140.68529081764,NA,NA,NA,NA,NA
"fixedGear","GB",2015,"564145",0,4713.30659909461,NA,NA,NA,NA,NA
"demersal","GB",2016,"564145",0,918.310304519195,NA,NA,NA,NA,NA
"fixedGear","GB",2016,"564145",0,5289.54127371586,NA,NA,NA,NA,NA
"demersal","GB",2017,"564145",0,904.389580089213,NA,NA,NA,NA,NA
"fixedGear","GB",2017,"564145",0,5298.74757127252,NA,NA,NA,NA,NA
"demersal","GB",2018,"564145",0,738.422072054586,NA,NA,NA,NA,NA
"fixedGear","GB",2018,"564145",0,5180.63926847156,NA,NA,NA,NA,NA
"demersal","GB",2019,"564145",0,614.105088022083,NA,NA,NA,NA,NA
"fixedGear","GB",2019,"564145",0,4873.08036350858,NA,NA,NA,NA,NA
"demersal","GB",1964,"172909",0,33129.5339511444,NA,NA,NA,NA,NA
"fixedGear","GB",1964,"172909",0,5.88853614734,NA,NA,NA,NA,NA
"demersal","GB",1965,"172909",0,32091.4760189978,NA,NA,NA,NA,NA
"fixedGear","GB",1965,"172909",0,0.08935769689,NA,NA,NA,NA,NA
"demersal","GB",1966,"172909",0,25688.9693676947,NA,NA,NA,NA,NA
"fixedGear","GB",1966,"172909",0,0.74615944865,NA,NA,NA,NA,NA
"demersal","GB",1967,"172909",0,17859.6992563659,NA,NA,NA,NA,NA
"fixedGear","GB",1967,"172909",0,0.5987419284,NA,NA,NA,NA,NA
"demersal","GB",1968,"172909",0,25405.6542126156,NA,NA,NA,NA,NA
"demersal","GB",1969,"172909",0,26263.8650380191,NA,NA,0.00458779121432996,0.694584362458988,0.300827846326682
"fixedGear","GB",1969,"172909",0,0.00136077711,NA,NA,NA,NA,NA
"demersal","GB",1970,"172909",0,27148.9933954354,NA,NA,0.00854164296332052,0.76250717136616,0.22895118567052
"demersal","GB",1971,"172909",0,20133.6639477905,NA,NA,0.000842038112772721,0.704623225244157,0.294534736643071
"demersal","GB",1972,"172909",0,22311.8784650546,NA,NA,0.00647235694912308,0.775331998768222,0.218195644282655
"fixedGear","GB",1972,"172909",0,1.98628098823,NA,NA,NA,NA,NA
"demersal","GB",1973,"172909",0,23277.1715627982,NA,NA,0.0145044875831391,0.764355820243662,0.221139692173198
"fixedGear","GB",1973,"172909",0,0.51029141625,NA,NA,NA,NA,NA
"pelagic","GB",1973,"172909",0,5.1210578573,NA,NA,NA,NA,NA
"demersal","GB",1974,"172909",0,21561.0002949795,NA,8.56508166311706e-06,0.0241695498075439,0.685056453054777,0.290765432056016
"fixedGear","GB",1974,"172909",0,0.01859728717,NA,NA,NA,NA,NA
"pelagic","GB",1974,"172909",0,9.76448294899,NA,NA,NA,NA,NA
"demersal","GB",1975,"172909",0,16781.5854892093,NA,0.000150370931766197,0.0343209633618331,0.739991547431012,0.225537118275389
"fixedGear","GB",1975,"172909",0,2.76419190278,NA,NA,NA,NA,NA
"demersal","GB",1976,"172909",0,14465.2389411014,NA,NA,0.0509021793231898,0.685823614739272,0.263274205937538
"fixedGear","GB",1976,"172909",0,0.0045359237,NA,NA,NA,NA,NA
"demersal","GB",1977,"172909",0,13143.6304394357,NA,NA,0.0176602023261856,0.652531733014212,0.329808064659602
"fixedGear","GB",1977,"172909",0,0.36559545022,NA,NA,NA,NA,NA
"demersal","GB",1978,"172909",0,8467.96400208605,NA,NA,0.0620082173434824,0.614663267197498,0.32332851545902
"fixedGear","GB",1978,"172909",0,0.56562968539,NA,NA,NA,NA,NA
"demersal","GB",1979,"172909",0,11742.7802579156,NA,1.21831011039856e-05,0.0306794294546148,0.785435469669906,0.183872917774375
"fixedGear","GB",1979,"172909",0,0.88677308335,NA,NA,NA,NA,NA
"demersal","GB",1980,"172909",0,13984.9644535285,NA,NA,0.0366064339432356,0.747339857440881,0.216053708615884
"fixedGear","GB",1980,"172909",0,0.94029698301,NA,NA,NA,NA,NA
"pelagic","GB",1980,"172909",0,0.02041165665,NA,NA,NA,NA,NA
"demersal","GB",1981,"172909",0,11450.5157253764,NA,NA,0.0218399910508131,0.737409113420963,0.240750895528224
"fixedGear","GB",1981,"172909",0,3.78976425135,NA,NA,NA,NA,NA
"pelagic","GB",1981,"172909",0,0.06123496995,NA,NA,NA,NA,NA
"demersal","GB",1982,"172909",0,21267.8585147967,NA,NA,0.0781844346783804,0.764311875819478,0.157503689502141
"fixedGear","GB",1982,"172909",0,3.75710560071,NA,NA,NA,NA,NA
"pelagic","GB",1982,"172909",0,0.3447302012,NA,NA,NA,NA,NA
"demersal","GB",1983,"172909",0,27391.9832816368,NA,NA,0.0744663783261326,0.784020552964141,0.141513068709727
"fixedGear","GB",1983,"172909",0,0.23087851633,NA,NA,NA,NA,NA
"pelagic","GB",1983,"172909",0,0.0408233133,NA,NA,NA,NA,NA
"demersal","GB",1984,"172909",0,13453.9279902366,NA,1.64089578421735e-05,0.0968534450852507,0.732821100544827,0.17030904541208
"fixedGear","GB",1984,"172909",0,0.1224699399,NA,NA,NA,NA,NA
"pelagic","GB",1984,"172909",0,0.5170953018,NA,NA,NA,NA,NA
"demersal","GB",1985,"172909",0,5480.09662981165,NA,NA,0.110020399777141,0.714756377508233,0.175223222714625
"fixedGear","GB",1985,"172909",0,0.32794728351,NA,NA,NA,NA,NA
"demersal","GB",1986,"172909",0,6515.49288193111,NA,NA,0.0994922659294514,0.72267321210013,0.177834521970418
"fixedGear","GB",1986,"172909",0,0.40415080167,NA,NA,NA,NA,NA
"pelagic","GB",1986,"172909",0,0.89221619179,NA,NA,NA,NA,NA
"demersal","GB",1987,"172909",0,4514.27056103331,3.25365390685461e-05,NA,0.0377605148119286,0.782747779738428,0.179459168910575
"fixedGear","GB",1987,"172909",0,0.1905087954,NA,NA,NA,NA,NA
"demersal","GB",1988,"172909",0,3023.72793145423,NA,NA,0.0481826105420874,0.688000679222766,0.263816710235147
"fixedGear","GB",1988,"172909",0,0.42093371936,NA,NA,NA,NA,NA
"pelagic","GB",1988,"172909",0,1.4787111262,NA,NA,NA,NA,NA
"demersal","GB",1989,"172909",0,3940.39456635671,NA,NA,0.0129500035225662,0.785570118055011,0.201479878422423
"fixedGear","GB",1989,"172909",0,2.04887673529,NA,NA,NA,NA,NA
"pelagic","GB",1989,"172909",0,4.2138731173,NA,NA,NA,NA,NA
"demersal","GB",1990,"172909",0,12512.7161114163,NA,NA,0.000566845988517593,0.893922326985892,0.10551082702559
"fixedGear","GB",1990,"172909",0,5.23581672691,NA,NA,NA,NA,NA
"pelagic","GB",1990,"172909",0,9.5571912359,NA,NA,NA,NA,NA
"demersal","GB",1991,"172909",0,5937.86794631646,NA,NA,0.000306684289368484,0.860151322978603,0.139541992732028
"fixedGear","GB",1991,"172909",0,1.48959734308,NA,NA,NA,NA,NA
"pelagic","GB",1991,"172909",0,7.5795285027,NA,NA,NA,NA,NA
"demersal","GB",1992,"172909",0,4321.23298817056,NA,NA,0.00010627556631238,0.80366196786788,0.196231756565807
"fixedGear","GB",1992,"172909",0,3.42280802402,NA,NA,NA,NA,NA
"pelagic","GB",1992,"172909",0,0.6985322498,NA,NA,NA,NA,NA
"demersal","GB",1993,"172909",0,2698.51989226666,3.64694081165277e-09,NA,0.000987203451447602,0.839661645805534,0.159351147096077
"fixedGear","GB",1993,"172909",0,1.18659763992,NA,NA,NA,NA,NA
"pelagic","GB",1993,"172909",0,0.1995806428,NA,NA,NA,NA,NA
"demersal","GB",1994,"172909",0,2030.9008696669,NA,NA,0.0010007170862497,0.823259120015354,0.175740162898396
"fixedGear","GB",1994,"172909",0,16.85004936076,NA,NA,NA,NA,NA
"demersal","GB",1995,"172909",0,844.7114628799,NA,NA,0.0015874680677411,0.888188331409553,0.110224200522706
"fixedGear","GB",1995,"172909",0,9.2169969584,NA,NA,NA,NA,NA
"demersal","GB",1996,"172909",0,1221.61723884585,NA,NA,0.00138035518328322,0.874816590440827,0.123803054375889
"fixedGear","GB",1996,"172909",0,9.67013573603,NA,NA,NA,NA,NA
"pelagic","GB",1996,"172909",0,0.635029318,NA,NA,NA,NA,NA
"demersal","GB",1997,"172909",0,1351.01670938234,NA,NA,NA,0.842979456800111,0.157020543199889
"fixedGear","GB",1997,"172909",0,4.50780097306,NA,NA,NA,NA,NA
"pelagic","GB",1997,"172909",0,0.7983225712,NA,NA,NA,NA,NA
"demersal","GB",1998,"172909",0,2245.40288707042,NA,NA,NA,0.799133214107841,0.200866785892159
"fixedGear","GB",1998,"172909",0,7.54414829784,NA,NA,NA,NA,NA
"demersal","GB",1999,"172909",0,2972.69833623686,NA,NA,0.014642679530944,0.699737081279419,0.285620239189637
"fixedGear","GB",1999,"172909",0,30.11172948245,NA,NA,NA,NA,NA
"demersal","GB",2000,"172909",0,4546.23294738536,NA,NA,NA,0.764530874549955,0.235469125450045
"fixedGear","GB",2000,"172909",0,22.97263917102,NA,NA,NA,0.892098529936976,0.107901470063024
"pelagic","GB",2000,"172909",0,4.81987252362,NA,NA,NA,NA,NA
"demersal","GB",2001,"172909",0,5294.25711426843,NA,NA,0.000192256389117547,0.769549751437197,0.230257992173686
"fixedGear","GB",2001,"172909",0,16.67224115172,NA,NA,NA,NA,NA
"demersal","GB",2002,"172909",0,3656.93017938787,NA,NA,9.12814530418548e-05,0.683110425605318,0.31679829294164
"fixedGear","GB",2002,"172909",0,25.30637191467,NA,NA,NA,NA,NA
"demersal","GB",2003,"172909",0,4008.60669414205,NA,NA,NA,0.549357802717618,0.450642197282382
"fixedGear","GB",2003,"172909",0,16.81875148723,NA,NA,NA,NA,NA
"demersal","GB",2004,"172909",0,6161.66044264232,NA,NA,0.00052294019382748,0.511427890124537,0.488049169681635
"fixedGear","GB",2004,"172909",0,120.2428013633,NA,NA,NA,NA,NA
"demersal","GB",2005,"172909",0,3138.02776558579,1.92075162039139e-07,NA,0.000303323457607573,0.687157548522293,0.312538935944937
"fixedGear","GB",2005,"172909",0,9.31814805691,NA,NA,NA,NA,NA
"demersal","GB",2006,"172909",0,1333.45633437016,NA,NA,0.000266209195460996,0.660901850370799,0.33883194043374
"fixedGear","GB",2006,"172909",0,2.91160942303,NA,NA,NA,0.112236185842805,0.887763814157195
"pelagic","GB",2006,"172909",0,0.1406136347,NA,NA,NA,NA,NA
"demersal","GB",2007,"172909",0,1258.96195226032,7.413933977446e-06,2.01533637588062e-06,0.000555065489433274,0.803546029175971,0.195889476064243
"fixedGear","GB",2007,"172909",0,3.42961190957,NA,NA,NA,NA,NA
"demersal","GB",2008,"172909",0,1094.19543104256,NA,NA,0.000262805749092337,0.867499356185216,0.132237838065692
"fixedGear","GB",2008,"172909",0,5.42224319098,NA,NA,0.00487401715746328,0.845997577757602,0.149128405084934
"demersal","GB",2009,"172909",0,1060.3719551964,NA,NA,NA,0.771374925399221,0.228625074600779
"fixedGear","GB",2009,"172909",0,6.1733921557,NA,NA,NA,NA,NA
"demersal","GB",2010,"172909",0,803.26718162537,NA,NA,4.16613318450979e-05,0.636754702951726,0.363203635716429
"fixedGear","GB",2010,"172909",0,2.63265011548,NA,NA,NA,NA,NA
"demersal","GB",2011,"172909",0,1216.23264382158,NA,NA,2.72642461241731e-05,0.696500837692274,0.303471898061602
"fixedGear","GB",2011,"172909",0,6.00420220169,NA,NA,NA,NA,NA
"demersal","GB",2012,"172909",0,777.77619761611,NA,NA,0.000101387155051945,0.641517675695655,0.358380937149293
"fixedGear","GB",2012,"172909",0,0.46130344029,NA,NA,NA,NA,NA
"demersal","GB",2013,"172909",0,398.48634015344,NA,NA,0.00017509645953669,0.632344047259565,0.367480856280898
"fixedGear","GB",2013,"172909",0,0.46357140214,NA,NA,NA,1,NA
"demersal","GB",2014,"172909",0,451.47817596343,NA,NA,0.00104752539110663,0.704858082573892,0.294094392035002
"fixedGear","GB",2014,"172909",0,0.34654457068,NA,NA,NA,NA,NA
"demersal","GB",2015,"172909",0,262.33333282002,NA,NA,0.00118547613914578,0.661490292740863,0.337324231119991
"fixedGear","GB",2015,"172909",0,0.79469383224,NA,NA,NA,NA,NA
"demersal","GB",2016,"172909",0,81.58221648346,NA,NA,0.0013198530305982,0.619192998419335,0.379487148550067
"fixedGear","GB",2016,"172909",0,0.30027814894,NA,NA,NA,NA,NA
"demersal","GB",2017,"172909",0,70.3204251211,NA,NA,NA,0.621072169009785,0.378927830990215
"fixedGear","GB",2017,"172909",0,0.71758312934,NA,NA,NA,NA,NA
"demersal","GB",2018,"172909",0,38.98490342439,NA,NA,0.000762796187569962,0.604433366356097,0.394803837456333
"fixedGear","GB",2018,"172909",0,0.00725747792,NA,NA,NA,NA,NA
"pelagic","GB",2018,"172909",0,0.20094141991,NA,NA,NA,NA,NA
"demersal","GB",2019,"172909",0,7.18581032554,NA,NA,NA,0.572790687625527,0.427209312374473
"fixedGear","GB",2019,"172909",0,0.01270058636,NA,NA,NA,NA,NA
